game_id,winner,placement,snake_id,snake_name,turns_survived,start_length,max_length,final_length,final_health,alive_at_end,survival_score,growth_score,performance_score
c518fd38-7021-482d-81ea-a57074b98b25,,1,537c0d24-d187-4fc2-8f52-7cd5c67c0a05,Me,21,3,3,3,80,0,0.913,0.0,0.7304
3605b219-550b-4301-b015-481e29336e12,Snake2,1,fa0a3fc0-14b1-47ef-9e40-8c068047e6aa,Snake2,217,3,18,18,12,1,1.0,1.0,1.0
3605b219-550b-4301-b015-481e29336e12,Snake2,2,e1905cb2-6f1e-4d39-9cda-54cea10c803c,Snake1,215,3,13,13,99,0,0.9908,1.0,0.9926
3605b219-550b-4301-b015-481e29336e12,Snake2,1,fa0a3fc0-14b1-47ef-9e40-8c068047e6aa,Snake2,217,3,18,18,12,1,1.0,1.0,1.0
3605b219-550b-4301-b015-481e29336e12,Snake2,2,e1905cb2-6f1e-4d39-9cda-54cea10c803c,Snake1,215,3,13,13,99,0,0.9908,1.0,0.9926
2a581f1c-69a9-4620-bf44-8480cb81db4f,Snake1,1,3841597e-494a-4c17-98c0-371f439b76df,Snake1,253,3,25,25,96,1,1.0,1.0,1.0
2a581f1c-69a9-4620-bf44-8480cb81db4f,Snake1,2,d9381475-ba16-42cc-95d6-aa7db19e1c5d,Snake2,251,3,14,14,73,0,0.9921,1.0,0.9937
2a581f1c-69a9-4620-bf44-8480cb81db4f,Snake1,1,3841597e-494a-4c17-98c0-371f439b76df,Snake1,253,3,25,25,96,1,1.0,1.0,1.0
2a581f1c-69a9-4620-bf44-8480cb81db4f,Snake1,2,d9381475-ba16-42cc-95d6-aa7db19e1c5d,Snake2,251,3,14,14,73,0,0.9921,1.0,0.9937
fe3d8fb6-ab34-4301-a879-faf6265ecce5,Snake1,1,1c639e93-99fa-4b23-bf8c-6c00b0223683,Snake1,351,3,36,36,92,1,1.0,1.0,1.0
fe3d8fb6-ab34-4301-a879-faf6265ecce5,Snake1,2,c44ca278-cf87-425e-8142-65b18903a9a1,Snake2,349,3,20,20,88,0,0.9943,1.0,0.9954
fe3d8fb6-ab34-4301-a879-faf6265ecce5,Snake1,1,1c639e93-99fa-4b23-bf8c-6c00b0223683,Snake1,351,3,36,36,92,1,1.0,1.0,1.0
fe3d8fb6-ab34-4301-a879-faf6265ecce5,Snake1,2,c44ca278-cf87-425e-8142-65b18903a9a1,Snake2,349,3,20,20,88,0,0.9943,1.0,0.9954
1925cc5a-765a-41f6-8a69-14155356bcfa,Snake2,1,33c84723-2cf5-4373-9181-d8c751569450,Snake2,21,3,5,5,97,1,1.0,0.4,0.88
1925cc5a-765a-41f6-8a69-14155356bcfa,Snake2,2,13e1dda9-a107-4968-84e7-37165172bd16,Snake1,19,3,7,7,95,0,0.9048,0.8,0.8838
1925cc5a-765a-41f6-8a69-14155356bcfa,Snake2,1,33c84723-2cf5-4373-9181-d8c751569450,Snake2,21,3,5,5,97,1,1.0,0.4,0.88
1925cc5a-765a-41f6-8a69-14155356bcfa,Snake2,2,13e1dda9-a107-4968-84e7-37165172bd16,Snake1,19,3,7,7,95,0,0.9048,0.8,0.8838
31c20894-87ed-4167-a1cf-d2c361e3cc24,Snake2,1,33730726-cc1d-44ce-a49f-7eb684c1fb12,Snake2,88,3,13,13,83,1,1.0,1.0,1.0
31c20894-87ed-4167-a1cf-d2c361e3cc24,Snake2,2,35806831-c0cd-41d5-8feb-76198971bcbf,Snake1,86,3,7,7,52,0,0.9773,0.8,0.9418
31c20894-87ed-4167-a1cf-d2c361e3cc24,Snake2,1,33730726-cc1d-44ce-a49f-7eb684c1fb12,Snake2,88,3,13,13,83,1,1.0,1.0,1.0
31c20894-87ed-4167-a1cf-d2c361e3cc24,Snake2,2,35806831-c0cd-41d5-8feb-76198971bcbf,Snake1,86,3,7,7,52,0,0.9773,0.8,0.9418
a50a361b-c059-45e0-a7ed-8df02af263c5,Snake1,1,8e9cbfc3-1eae-4930-b46e-71b40743e5ab,Snake1,8,3,4,4,98,1,1.0,0.2,0.84
a50a361b-c059-45e0-a7ed-8df02af263c5,Snake1,2,77e89c97-d096-47ab-a682-4649c6653aa6,Snake2,6,3,3,3,95,0,0.75,0.0,0.6
a50a361b-c059-45e0-a7ed-8df02af263c5,Snake1,1,8e9cbfc3-1eae-4930-b46e-71b40743e5ab,Snake1,8,3,4,4,98,1,1.0,0.2,0.84
a50a361b-c059-45e0-a7ed-8df02af263c5,Snake1,2,77e89c97-d096-47ab-a682-4649c6653aa6,Snake2,6,3,3,3,95,0,0.75,0.0,0.6
e4a005d5-ac78-4f04-9cc8-457e8428e2b1,Snake2,1,abd477c8-2821-47d4-8e68-811f0ec3c06d,Snake2,8,3,4,4,98,1,1.0,0.2,0.84
e4a005d5-ac78-4f04-9cc8-457e8428e2b1,Snake2,2,ff5f1c11-1751-413b-9d1b-2664bb1a6f45,Snake1,6,3,3,3,95,0,0.75,0.0,0.6
e4a005d5-ac78-4f04-9cc8-457e8428e2b1,Snake2,1,abd477c8-2821-47d4-8e68-811f0ec3c06d,Snake2,8,3,4,4,98,1,1.0,0.2,0.84
e4a005d5-ac78-4f04-9cc8-457e8428e2b1,Snake2,2,ff5f1c11-1751-413b-9d1b-2664bb1a6f45,Snake1,6,3,3,3,95,0,0.75,0.0,0.6
1274b3d2-1ee4-4cf6-9c60-a6ac44680167,,1,34829f26-76f0-40fd-8eaa-964d4f00463b,Snake1,5,3,3,3,96,0,0.7143,0.0,0.5714
1274b3d2-1ee4-4cf6-9c60-a6ac44680167,,2,983015a0-cd9b-4233-a4ec-6026f6fc2017,Snake2,5,3,3,3,96,0,0.7143,0.0,0.5714
1274b3d2-1ee4-4cf6-9c60-a6ac44680167,,1,34829f26-76f0-40fd-8eaa-964d4f00463b,Snake1,5,3,3,3,96,0,0.7143,0.0,0.5714
1274b3d2-1ee4-4cf6-9c60-a6ac44680167,,2,983015a0-cd9b-4233-a4ec-6026f6fc2017,Snake2,5,3,3,3,96,0,0.7143,0.0,0.5714
ce318931-0906-4946-9a1d-d2169304c4a3,,1,c2e4593a-e72b-4c83-b33f-8f7c7032e4de,Snake1,5,3,3,3,96,0,0.7143,0.0,0.5714
ce318931-0906-4946-9a1d-d2169304c4a3,,2,0d9604d3-910e-475b-ac0c-8bd22a360da1,Snake2,5,3,3,3,96,0,0.7143,0.0,0.5714
ce318931-0906-4946-9a1d-d2169304c4a3,,1,c2e4593a-e72b-4c83-b33f-8f7c7032e4de,Snake1,5,3,3,3,96,0,0.7143,0.0,0.5714
ce318931-0906-4946-9a1d-d2169304c4a3,,2,0d9604d3-910e-475b-ac0c-8bd22a360da1,Snake2,5,3,3,3,96,0,0.7143,0.0,0.5714
9c1c46ac-dd76-4046-b91b-edd87e2b9819,,1,1115da54-123c-4a9f-9562-60ff024c05e7,Snake1,5,3,3,3,96,0,0.7143,0.0,0.5714
9c1c46ac-dd76-4046-b91b-edd87e2b9819,,2,22ba19fe-6cfb-47b7-980b-0abc5a66fc3b,Snake2,5,3,3,3,96,0,0.7143,0.0,0.5714
9c1c46ac-dd76-4046-b91b-edd87e2b9819,,1,1115da54-123c-4a9f-9562-60ff024c05e7,Snake1,5,3,3,3,96,0,0.7143,0.0,0.5714
9c1c46ac-dd76-4046-b91b-edd87e2b9819,,2,22ba19fe-6cfb-47b7-980b-0abc5a66fc3b,Snake2,5,3,3,3,96,0,0.7143,0.0,0.5714
7cbff7af-f871-449a-b787-040f351f3103,,1,f39c35a6-94c2-495f-9e97-5b2ced8fb301,Snake1,5,3,3,3,96,0,0.7143,0.0,0.5714
7cbff7af-f871-449a-b787-040f351f3103,,2,0d8261b9-c60d-49d0-bb00-a281e9c91907,Snake2,5,3,3,3,96,0,0.7143,0.0,0.5714
7cbff7af-f871-449a-b787-040f351f3103,,1,f39c35a6-94c2-495f-9e97-5b2ced8fb301,Snake1,5,3,3,3,96,0,0.7143,0.0,0.5714
7cbff7af-f871-449a-b787-040f351f3103,,2,0d8261b9-c60d-49d0-bb00-a281e9c91907,Snake2,5,3,3,3,96,0,0.7143,0.0,0.5714
bbb24d96-6d59-4f0f-aea5-b70bf11d7612,,1,d71106a9-e427-4a71-a86e-d14af0916897,Snake1,5,3,3,3,96,0,0.7143,0.0,0.5714
bbb24d96-6d59-4f0f-aea5-b70bf11d7612,,2,d8811333-b397-44ed-a14e-0c5ee659c445,Snake2,5,3,3,3,96,0,0.7143,0.0,0.5714
bbb24d96-6d59-4f0f-aea5-b70bf11d7612,,1,d71106a9-e427-4a71-a86e-d14af0916897,Snake1,5,3,3,3,96,0,0.7143,0.0,0.5714
bbb24d96-6d59-4f0f-aea5-b70bf11d7612,,2,d8811333-b397-44ed-a14e-0c5ee659c445,Snake2,5,3,3,3,96,0,0.7143,0.0,0.5714
d3d81da2-b470-4653-a1da-a4ead1d70ff5,Snake2,1,5b84c47a-d4a0-4af5-977d-aa89709f3f20,Snake2,190,3,13,13,97,1,1.0,1.0,1.0
d3d81da2-b470-4653-a1da-a4ead1d70ff5,Snake2,2,49b80167-45c8-4b28-a2cf-c61f22597572,Snake1,188,3,13,13,93,0,0.9895,1.0,0.9916
d3d81da2-b470-4653-a1da-a4ead1d70ff5,Snake2,1,5b84c47a-d4a0-4af5-977d-aa89709f3f20,Snake2,190,3,13,13,97,1,1.0,1.0,1.0
d3d81da2-b470-4653-a1da-a4ead1d70ff5,Snake2,2,49b80167-45c8-4b28-a2cf-c61f22597572,Snake1,188,3,13,13,93,0,0.9895,1.0,0.9916
2dabe0f0-bf34-45d0-9724-e958611d10c8,Snake2,1,768aaefb-6ee5-4f1b-ba2c-3e8474e2d238,Snake2,238,3,14,14,80,1,1.0,1.0,1.0
2dabe0f0-bf34-45d0-9724-e958611d10c8,Snake2,2,d70947e2-8221-4fa7-b9f7-f733d4fc6f1e,Snake1,236,3,9,9,93,0,0.9916,1.0,0.9933
2dabe0f0-bf34-45d0-9724-e958611d10c8,Snake2,1,768aaefb-6ee5-4f1b-ba2c-3e8474e2d238,Snake2,238,3,14,14,80,1,1.0,1.0,1.0
2dabe0f0-bf34-45d0-9724-e958611d10c8,Snake2,2,d70947e2-8221-4fa7-b9f7-f733d4fc6f1e,Snake1,236,3,9,9,93,0,0.9916,1.0,0.9933
947ac091-7967-47b5-86fd-036c0700abf3,,1,6015b41f-52b1-445c-9a41-e05442c555b0,Snake1,5,3,3,3,96,0,0.7143,0.0,0.5714
947ac091-7967-47b5-86fd-036c0700abf3,,2,d1726a91-864f-4118-a517-1a6f6a93827c,Snake2,5,3,3,3,96,0,0.7143,0.0,0.5714
947ac091-7967-47b5-86fd-036c0700abf3,,1,6015b41f-52b1-445c-9a41-e05442c555b0,Snake1,5,3,3,3,96,0,0.7143,0.0,0.5714
947ac091-7967-47b5-86fd-036c0700abf3,,2,d1726a91-864f-4118-a517-1a6f6a93827c,Snake2,5,3,3,3,96,0,0.7143,0.0,0.5714
f25d5152-c731-4816-b408-468d8b373c09,,1,92b73c2d-a472-46f1-b0db-972a1f94a3ff,Snake1,5,3,3,3,96,0,0.7143,0.0,0.5714
f25d5152-c731-4816-b408-468d8b373c09,,2,c90dc66d-1abc-46af-a45c-5db7db442b63,Snake2,5,3,3,3,96,0,0.7143,0.0,0.5714
f25d5152-c731-4816-b408-468d8b373c09,,1,92b73c2d-a472-46f1-b0db-972a1f94a3ff,Snake1,5,3,3,3,96,0,0.7143,0.0,0.5714
f25d5152-c731-4816-b408-468d8b373c09,,2,c90dc66d-1abc-46af-a45c-5db7db442b63,Snake2,5,3,3,3,96,0,0.7143,0.0,0.5714
a35f2d46-5329-45af-bc50-0fe6060dd37c,,1,515b0f0c-b951-4bbd-86af-36dc496e344b,Snake1,5,3,3,3,96,0,0.7143,0.0,0.5714
a35f2d46-5329-45af-bc50-0fe6060dd37c,,2,44ea2c78-446d-4a34-b6ea-d8990ae85390,Snake2,5,3,3,3,96,0,0.7143,0.0,0.5714
a35f2d46-5329-45af-bc50-0fe6060dd37c,,1,515b0f0c-b951-4bbd-86af-36dc496e344b,Snake1,5,3,3,3,96,0,0.7143,0.0,0.5714
a35f2d46-5329-45af-bc50-0fe6060dd37c,,2,44ea2c78-446d-4a34-b6ea-d8990ae85390,Snake2,5,3,3,3,96,0,0.7143,0.0,0.5714
afa175dd-95cc-4964-966b-82361f6e96b6,,1,1b47e0c2-4f6e-4bba-8d59-a521542d9fdc,Snake1,5,3,3,3,96,0,0.7143,0.0,0.5714
afa175dd-95cc-4964-966b-82361f6e96b6,,2,8fcc78b6-8d81-48fd-80a1-d0bd2488b02f,Snake2,5,3,3,3,96,0,0.7143,0.0,0.5714
afa175dd-95cc-4964-966b-82361f6e96b6,,1,1b47e0c2-4f6e-4bba-8d59-a521542d9fdc,Snake1,5,3,3,3,96,0,0.7143,0.0,0.5714
afa175dd-95cc-4964-966b-82361f6e96b6,,2,8fcc78b6-8d81-48fd-80a1-d0bd2488b02f,Snake2,5,3,3,3,96,0,0.7143,0.0,0.5714
43731db8-1171-4300-ba8e-6ca868b37e44,Snake2,1,53af104c-799c-4abc-93bf-cb96a56a9d6e,Snake2,10,3,3,3,92,1,1.0,0.0,0.8
43731db8-1171-4300-ba8e-6ca868b37e44,Snake2,2,8e3c7ef7-9995-4e1f-8459-e11884835226,Snake1,8,3,6,6,100,0,0.8,0.6,0.76
43731db8-1171-4300-ba8e-6ca868b37e44,Snake2,1,53af104c-799c-4abc-93bf-cb96a56a9d6e,Snake2,10,3,3,3,92,1,1.0,0.0,0.8
43731db8-1171-4300-ba8e-6ca868b37e44,Snake2,2,8e3c7ef7-9995-4e1f-8459-e11884835226,Snake1,8,3,6,6,100,0,0.8,0.6,0.76
6ffc5ed9-2484-44f7-bc8a-d081f6507a0e,Snake2,1,7e2a6f75-ba5f-45d0-9ed3-33f5aac9ad78,Snake2,26,3,6,6,90,1,1.0,0.6,0.92
6ffc5ed9-2484-44f7-bc8a-d081f6507a0e,Snake2,2,bc6c95a0-70f2-4ff0-b953-59d156fae339,Snake1,24,3,6,6,92,0,0.9231,0.6,0.8585
6ffc5ed9-2484-44f7-bc8a-d081f6507a0e,Snake2,1,7e2a6f75-ba5f-45d0-9ed3-33f5aac9ad78,Snake2,26,3,6,6,90,1,1.0,0.6,0.92
6ffc5ed9-2484-44f7-bc8a-d081f6507a0e,Snake2,2,bc6c95a0-70f2-4ff0-b953-59d156fae339,Snake1,24,3,6,6,92,0,0.9231,0.6,0.8585
4eb73f44-e313-441d-983d-862446f53aef,Snake4,1,9a3b083c-2271-413d-9e8d-a6e01f287365,Snake4,8,3,4,4,98,1,1.0,0.2,0.84
4eb73f44-e313-441d-983d-862446f53aef,Snake4,2,4c488f37-ca9a-4eaf-8177-ff20dfaf115e,Snake1,6,3,3,3,95,0,0.75,0.0,0.6
4eb73f44-e313-441d-983d-862446f53aef,Snake4,3,6e51ff5e-dfe4-40c0-b0e9-ae414000dc3f,Snake3,6,3,3,3,95,0,0.75,0.0,0.6
4eb73f44-e313-441d-983d-862446f53aef,Snake4,4,f6574933-05a5-40e5-835e-f7b923a187ab,Snake2,2,3,3,3,99,0,0.25,0.0,0.2
4eb73f44-e313-441d-983d-862446f53aef,Snake4,1,9a3b083c-2271-413d-9e8d-a6e01f287365,Snake4,8,3,4,4,98,1,1.0,0.2,0.84
4eb73f44-e313-441d-983d-862446f53aef,Snake4,2,4c488f37-ca9a-4eaf-8177-ff20dfaf115e,Snake1,6,3,3,3,95,0,0.75,0.0,0.6
4eb73f44-e313-441d-983d-862446f53aef,Snake4,3,6e51ff5e-dfe4-40c0-b0e9-ae414000dc3f,Snake3,6,3,3,3,95,0,0.75,0.0,0.6
4eb73f44-e313-441d-983d-862446f53aef,Snake4,4,f6574933-05a5-40e5-835e-f7b923a187ab,Snake2,2,3,3,3,99,0,0.25,0.0,0.2
4eb73f44-e313-441d-983d-862446f53aef,Snake4,1,9a3b083c-2271-413d-9e8d-a6e01f287365,Snake4,8,3,4,4,98,1,1.0,0.2,0.84
4eb73f44-e313-441d-983d-862446f53aef,Snake4,2,4c488f37-ca9a-4eaf-8177-ff20dfaf115e,Snake1,6,3,3,3,95,0,0.75,0.0,0.6
4eb73f44-e313-441d-983d-862446f53aef,Snake4,3,6e51ff5e-dfe4-40c0-b0e9-ae414000dc3f,Snake3,6,3,3,3,95,0,0.75,0.0,0.6
4eb73f44-e313-441d-983d-862446f53aef,Snake4,4,f6574933-05a5-40e5-835e-f7b923a187ab,Snake2,2,3,3,3,99,0,0.25,0.0,0.2
4eb73f44-e313-441d-983d-862446f53aef,Snake4,1,9a3b083c-2271-413d-9e8d-a6e01f287365,Snake4,8,3,4,4,98,1,1.0,0.2,0.84
4eb73f44-e313-441d-983d-862446f53aef,Snake4,2,4c488f37-ca9a-4eaf-8177-ff20dfaf115e,Snake1,2,3,3,3,99,0,0.25,0.0,0.2
4eb73f44-e313-441d-983d-862446f53aef,Snake4,3,f6574933-05a5-40e5-835e-f7b923a187ab,Snake2,2,3,3,3,99,0,0.25,0.0,0.2
4eb73f44-e313-441d-983d-862446f53aef,Snake4,4,6e51ff5e-dfe4-40c0-b0e9-ae414000dc3f,Snake3,2,3,3,3,99,0,0.25,0.0,0.2
e8407f1c-958f-4168-b1de-867888ff8c5e,Snake2,1,0b22efed-2f28-4526-9967-728d8cd5f1a4,Snake2,8,3,4,4,98,1,1.0,0.2,0.84
e8407f1c-958f-4168-b1de-867888ff8c5e,Snake2,2,592d4765-cedc-4602-9b61-2607cc4a56f6,Snake1,6,3,3,3,95,0,0.75,0.0,0.6
e8407f1c-958f-4168-b1de-867888ff8c5e,Snake2,3,f95ad91b-1205-456d-bc31-66c5652189b5,Snake3,6,3,3,3,95,0,0.75,0.0,0.6
e8407f1c-958f-4168-b1de-867888ff8c5e,Snake2,4,1c5a5625-335a-4824-af3b-bf7abf4d8c11,Snake4,2,3,3,3,99,0,0.25,0.0,0.2
e8407f1c-958f-4168-b1de-867888ff8c5e,Snake2,1,0b22efed-2f28-4526-9967-728d8cd5f1a4,Snake2,8,3,4,4,98,1,1.0,0.2,0.84
e8407f1c-958f-4168-b1de-867888ff8c5e,Snake2,2,592d4765-cedc-4602-9b61-2607cc4a56f6,Snake1,6,3,3,3,95,0,0.75,0.0,0.6
e8407f1c-958f-4168-b1de-867888ff8c5e,Snake2,3,f95ad91b-1205-456d-bc31-66c5652189b5,Snake3,6,3,3,3,95,0,0.75,0.0,0.6
e8407f1c-958f-4168-b1de-867888ff8c5e,Snake2,4,1c5a5625-335a-4824-af3b-bf7abf4d8c11,Snake4,2,3,3,3,99,0,0.25,0.0,0.2
e8407f1c-958f-4168-b1de-867888ff8c5e,Snake2,1,0b22efed-2f28-4526-9967-728d8cd5f1a4,Snake2,8,3,4,4,98,1,1.0,0.2,0.84
e8407f1c-958f-4168-b1de-867888ff8c5e,Snake2,2,592d4765-cedc-4602-9b61-2607cc4a56f6,Snake1,6,3,3,3,95,0,0.75,0.0,0.6
e8407f1c-958f-4168-b1de-867888ff8c5e,Snake2,3,f95ad91b-1205-456d-bc31-66c5652189b5,Snake3,6,3,3,3,95,0,0.75,0.0,0.6
e8407f1c-958f-4168-b1de-867888ff8c5e,Snake2,4,1c5a5625-335a-4824-af3b-bf7abf4d8c11,Snake4,2,3,3,3,99,0,0.25,0.0,0.2
e8407f1c-958f-4168-b1de-867888ff8c5e,Snake2,1,0b22efed-2f28-4526-9967-728d8cd5f1a4,Snake2,8,3,4,4,98,1,1.0,0.2,0.84
e8407f1c-958f-4168-b1de-867888ff8c5e,Snake2,2,592d4765-cedc-4602-9b61-2607cc4a56f6,Snake1,2,3,3,3,99,0,0.25,0.0,0.2
e8407f1c-958f-4168-b1de-867888ff8c5e,Snake2,3,f95ad91b-1205-456d-bc31-66c5652189b5,Snake3,2,3,3,3,99,0,0.25,0.0,0.2
e8407f1c-958f-4168-b1de-867888ff8c5e,Snake2,4,1c5a5625-335a-4824-af3b-bf7abf4d8c11,Snake4,2,3,3,3,99,0,0.25,0.0,0.2
07171e47-7835-4320-a61e-91f786f28b26,,1,b250a177-6857-4099-a9dc-577700b331c4,Snake2,13,3,4,4,98,0,0.8667,0.2,0.7333
07171e47-7835-4320-a61e-91f786f28b26,,2,d35bb2b4-ad1f-4cac-bc82-6109fe76ac1d,Snake1,13,3,3,3,88,0,0.8667,0.0,0.6933
07171e47-7835-4320-a61e-91f786f28b26,,1,b250a177-6857-4099-a9dc-577700b331c4,Snake2,13,3,4,4,98,0,0.8667,0.2,0.7333
07171e47-7835-4320-a61e-91f786f28b26,,2,d35bb2b4-ad1f-4cac-bc82-6109fe76ac1d,Snake1,13,3,3,3,88,0,0.8667,0.0,0.6933
a9500eb2-72ac-41b4-97de-e1c645063125,Snake1,1,41b085ac-15fb-4a54-af3b-d6c57cfeffa6,Snake1,26,3,6,6,90,1,1.0,0.6,0.92
a9500eb2-72ac-41b4-97de-e1c645063125,Snake1,2,13b84a09-de54-4741-87b1-08c5dcabf752,Snake2,24,3,7,7,100,0,0.9231,0.8,0.8985
a9500eb2-72ac-41b4-97de-e1c645063125,Snake1,1,41b085ac-15fb-4a54-af3b-d6c57cfeffa6,Snake1,26,3,6,6,90,1,1.0,0.6,0.92
a9500eb2-72ac-41b4-97de-e1c645063125,Snake1,2,13b84a09-de54-4741-87b1-08c5dcabf752,Snake2,24,3,7,7,100,0,0.9231,0.8,0.8985
251a3d0b-fffb-4e4c-96a9-73b9a1835b2e,Snake1,1,b988e3ad-ffa7-44c2-bf53-816a138853ee,Snake1,45,3,11,11,84,1,1.0,1.0,1.0
251a3d0b-fffb-4e4c-96a9-73b9a1835b2e,Snake1,2,d3463376-c8d2-43f9-b40b-4249c40d178e,Snake2,43,3,6,6,80,0,0.9556,0.6,0.8844
251a3d0b-fffb-4e4c-96a9-73b9a1835b2e,Snake1,3,41c8942e-d27f-47b3-b506-2b83d8e8c146,Snake3,7,3,4,4,96,0,0.1556,0.2,0.1644
251a3d0b-fffb-4e4c-96a9-73b9a1835b2e,Snake1,4,ff220d02-1440-4fda-ac19-3cbf3c0285c7,Snake4,7,3,4,4,96,0,0.1556,0.2,0.1644
251a3d0b-fffb-4e4c-96a9-73b9a1835b2e,Snake1,1,b988e3ad-ffa7-44c2-bf53-816a138853ee,Snake1,45,3,11,11,84,1,1.0,1.0,1.0
251a3d0b-fffb-4e4c-96a9-73b9a1835b2e,Snake1,2,d3463376-c8d2-43f9-b40b-4249c40d178e,Snake2,43,3,6,6,80,0,0.9556,0.6,0.8844
251a3d0b-fffb-4e4c-96a9-73b9a1835b2e,Snake1,3,41c8942e-d27f-47b3-b506-2b83d8e8c146,Snake3,7,3,4,4,96,0,0.1556,0.2,0.1644
251a3d0b-fffb-4e4c-96a9-73b9a1835b2e,Snake1,4,ff220d02-1440-4fda-ac19-3cbf3c0285c7,Snake4,7,3,4,4,96,0,0.1556,0.2,0.1644
251a3d0b-fffb-4e4c-96a9-73b9a1835b2e,Snake1,1,b988e3ad-ffa7-44c2-bf53-816a138853ee,Snake1,45,3,11,11,84,1,1.0,1.0,1.0
251a3d0b-fffb-4e4c-96a9-73b9a1835b2e,Snake1,2,d3463376-c8d2-43f9-b40b-4249c40d178e,Snake2,7,3,4,4,96,0,0.1556,0.2,0.1644
251a3d0b-fffb-4e4c-96a9-73b9a1835b2e,Snake1,3,41c8942e-d27f-47b3-b506-2b83d8e8c146,Snake3,7,3,4,4,96,0,0.1556,0.2,0.1644
251a3d0b-fffb-4e4c-96a9-73b9a1835b2e,Snake1,4,ff220d02-1440-4fda-ac19-3cbf3c0285c7,Snake4,7,3,4,4,96,0,0.1556,0.2,0.1644
251a3d0b-fffb-4e4c-96a9-73b9a1835b2e,Snake1,1,b988e3ad-ffa7-44c2-bf53-816a138853ee,Snake1,45,3,11,11,84,1,1.0,1.0,1.0
251a3d0b-fffb-4e4c-96a9-73b9a1835b2e,Snake1,2,d3463376-c8d2-43f9-b40b-4249c40d178e,Snake2,7,3,4,4,96,0,0.1556,0.2,0.1644
251a3d0b-fffb-4e4c-96a9-73b9a1835b2e,Snake1,3,41c8942e-d27f-47b3-b506-2b83d8e8c146,Snake3,7,3,4,4,96,0,0.1556,0.2,0.1644
251a3d0b-fffb-4e4c-96a9-73b9a1835b2e,Snake1,4,ff220d02-1440-4fda-ac19-3cbf3c0285c7,Snake4,7,3,4,4,96,0,0.1556,0.2,0.1644
d1e97d5a-9e13-493d-85c8-87f00742756a,Snake1,1,a5d496e6-f142-4266-9c50-cf3969684189,Snake1,94,3,12,12,92,1,1.0,1.0,1.0
d1e97d5a-9e13-493d-85c8-87f00742756a,Snake1,2,14dd9c25-29fb-4d17-a724-aed9788cd8b7,Snake2,92,3,8,8,4,0,0.9787,1.0,0.983
d1e97d5a-9e13-493d-85c8-87f00742756a,Snake1,3,37917141-13cc-474d-a8ed-d38ce46b3115,Snake3,7,3,4,4,96,0,0.0745,0.2,0.0996
d1e97d5a-9e13-493d-85c8-87f00742756a,Snake1,4,a2834bb7-6742-46c8-b86e-7585b88f66d1,Snake4,7,3,4,4,96,0,0.0745,0.2,0.0996
d1e97d5a-9e13-493d-85c8-87f00742756a,Snake1,1,a5d496e6-f142-4266-9c50-cf3969684189,Snake1,94,3,12,12,92,1,1.0,1.0,1.0
d1e97d5a-9e13-493d-85c8-87f00742756a,Snake1,2,14dd9c25-29fb-4d17-a724-aed9788cd8b7,Snake2,92,3,8,8,4,0,0.9787,1.0,0.983
d1e97d5a-9e13-493d-85c8-87f00742756a,Snake1,3,37917141-13cc-474d-a8ed-d38ce46b3115,Snake3,7,3,4,4,96,0,0.0745,0.2,0.0996
d1e97d5a-9e13-493d-85c8-87f00742756a,Snake1,4,a2834bb7-6742-46c8-b86e-7585b88f66d1,Snake4,7,3,4,4,96,0,0.0745,0.2,0.0996
d1e97d5a-9e13-493d-85c8-87f00742756a,Snake1,1,a5d496e6-f142-4266-9c50-cf3969684189,Snake1,94,3,12,12,92,1,1.0,1.0,1.0
d1e97d5a-9e13-493d-85c8-87f00742756a,Snake1,2,14dd9c25-29fb-4d17-a724-aed9788cd8b7,Snake2,7,3,4,4,96,0,0.0745,0.2,0.0996
d1e97d5a-9e13-493d-85c8-87f00742756a,Snake1,3,37917141-13cc-474d-a8ed-d38ce46b3115,Snake3,7,3,4,4,96,0,0.0745,0.2,0.0996
d1e97d5a-9e13-493d-85c8-87f00742756a,Snake1,4,a2834bb7-6742-46c8-b86e-7585b88f66d1,Snake4,7,3,4,4,96,0,0.0745,0.2,0.0996
d1e97d5a-9e13-493d-85c8-87f00742756a,Snake1,1,a5d496e6-f142-4266-9c50-cf3969684189,Snake1,94,3,12,12,92,1,1.0,1.0,1.0
d1e97d5a-9e13-493d-85c8-87f00742756a,Snake1,2,14dd9c25-29fb-4d17-a724-aed9788cd8b7,Snake2,7,3,4,4,96,0,0.0745,0.2,0.0996
d1e97d5a-9e13-493d-85c8-87f00742756a,Snake1,3,37917141-13cc-474d-a8ed-d38ce46b3115,Snake3,7,3,4,4,96,0,0.0745,0.2,0.0996
d1e97d5a-9e13-493d-85c8-87f00742756a,Snake1,4,a2834bb7-6742-46c8-b86e-7585b88f66d1,Snake4,7,3,4,4,96,0,0.0745,0.2,0.0996
a8e27156-8068-4fc8-b987-a3aef02ac866,Snake2,1,aa4312ed-35ea-49f2-9518-49a644869dfc,Snake2,87,3,12,12,100,1,1.0,1.0,1.0
a8e27156-8068-4fc8-b987-a3aef02ac866,Snake2,2,41f66db4-2723-4233-b81c-3c9667ef3e0b,Snake1,85,3,9,9,44,0,0.977,1.0,0.9816
a8e27156-8068-4fc8-b987-a3aef02ac866,Snake2,3,9c82628d-8868-49b4-8f86-7c98caad418f,Snake3,7,3,4,4,96,0,0.0805,0.2,0.1044
a8e27156-8068-4fc8-b987-a3aef02ac866,Snake2,4,da06d8ba-3287-4ed2-b058-57fa3c6a60cb,Snake4,7,3,4,4,96,0,0.0805,0.2,0.1044
a8e27156-8068-4fc8-b987-a3aef02ac866,Snake2,1,aa4312ed-35ea-49f2-9518-49a644869dfc,Snake2,87,3,12,12,100,1,1.0,1.0,1.0
a8e27156-8068-4fc8-b987-a3aef02ac866,Snake2,2,41f66db4-2723-4233-b81c-3c9667ef3e0b,Snake1,85,3,9,9,44,0,0.977,1.0,0.9816
a8e27156-8068-4fc8-b987-a3aef02ac866,Snake2,3,9c82628d-8868-49b4-8f86-7c98caad418f,Snake3,7,3,4,4,96,0,0.0805,0.2,0.1044
a8e27156-8068-4fc8-b987-a3aef02ac866,Snake2,4,da06d8ba-3287-4ed2-b058-57fa3c6a60cb,Snake4,7,3,4,4,96,0,0.0805,0.2,0.1044
a8e27156-8068-4fc8-b987-a3aef02ac866,Snake2,1,aa4312ed-35ea-49f2-9518-49a644869dfc,Snake2,87,3,12,12,100,1,1.0,1.0,1.0
a8e27156-8068-4fc8-b987-a3aef02ac866,Snake2,2,41f66db4-2723-4233-b81c-3c9667ef3e0b,Snake1,7,3,5,5,100,0,0.0805,0.4,0.1444
a8e27156-8068-4fc8-b987-a3aef02ac866,Snake2,3,9c82628d-8868-49b4-8f86-7c98caad418f,Snake3,7,3,4,4,96,0,0.0805,0.2,0.1044
a8e27156-8068-4fc8-b987-a3aef02ac866,Snake2,4,da06d8ba-3287-4ed2-b058-57fa3c6a60cb,Snake4,7,3,4,4,96,0,0.0805,0.2,0.1044
a8e27156-8068-4fc8-b987-a3aef02ac866,Snake2,1,aa4312ed-35ea-49f2-9518-49a644869dfc,Snake2,87,3,12,12,100,1,1.0,1.0,1.0
a8e27156-8068-4fc8-b987-a3aef02ac866,Snake2,2,41f66db4-2723-4233-b81c-3c9667ef3e0b,Snake1,7,3,5,5,100,0,0.0805,0.4,0.1444
a8e27156-8068-4fc8-b987-a3aef02ac866,Snake2,3,9c82628d-8868-49b4-8f86-7c98caad418f,Snake3,7,3,4,4,96,0,0.0805,0.2,0.1044
a8e27156-8068-4fc8-b987-a3aef02ac866,Snake2,4,da06d8ba-3287-4ed2-b058-57fa3c6a60cb,Snake4,7,3,4,4,96,0,0.0805,0.2,0.1044
5088867e-0fdc-4f76-8e86-fa19415f60ed,,1,c1722226-bbec-40a2-a601-a22babb3acb1,Snake2,59,3,8,8,96,0,0.9672,1.0,0.9738
5088867e-0fdc-4f76-8e86-fa19415f60ed,,2,c482ff65-7d7e-43ac-8770-aa2412381b83,Snake3,59,3,8,8,81,0,0.9672,1.0,0.9738
5088867e-0fdc-4f76-8e86-fa19415f60ed,,3,3be4f48f-74ea-423f-8af1-3f00583bd2c0,Snake1,16,3,4,4,87,0,0.2623,0.2,0.2498
5088867e-0fdc-4f76-8e86-fa19415f60ed,,4,43154be8-0266-40f6-b541-4a01447534e4,Snake4,16,3,4,4,87,0,0.2623,0.2,0.2498
5088867e-0fdc-4f76-8e86-fa19415f60ed,,1,c1722226-bbec-40a2-a601-a22babb3acb1,Snake2,16,3,6,6,100,0,0.2623,0.6,0.3298
5088867e-0fdc-4f76-8e86-fa19415f60ed,,2,c482ff65-7d7e-43ac-8770-aa2412381b83,Snake3,16,3,5,5,91,0,0.2623,0.4,0.2898
5088867e-0fdc-4f76-8e86-fa19415f60ed,,3,3be4f48f-74ea-423f-8af1-3f00583bd2c0,Snake1,16,3,4,4,87,0,0.2623,0.2,0.2498
5088867e-0fdc-4f76-8e86-fa19415f60ed,,4,43154be8-0266-40f6-b541-4a01447534e4,Snake4,16,3,4,4,87,0,0.2623,0.2,0.2498
5088867e-0fdc-4f76-8e86-fa19415f60ed,,1,c1722226-bbec-40a2-a601-a22babb3acb1,Snake2,16,3,6,6,100,0,0.2623,0.6,0.3298
5088867e-0fdc-4f76-8e86-fa19415f60ed,,2,c482ff65-7d7e-43ac-8770-aa2412381b83,Snake3,16,3,5,5,91,0,0.2623,0.4,0.2898
5088867e-0fdc-4f76-8e86-fa19415f60ed,,3,3be4f48f-74ea-423f-8af1-3f00583bd2c0,Snake1,16,3,4,4,87,0,0.2623,0.2,0.2498
5088867e-0fdc-4f76-8e86-fa19415f60ed,,4,43154be8-0266-40f6-b541-4a01447534e4,Snake4,16,3,4,4,87,0,0.2623,0.2,0.2498
5088867e-0fdc-4f76-8e86-fa19415f60ed,,1,c1722226-bbec-40a2-a601-a22babb3acb1,Snake2,59,3,8,8,96,0,0.9672,1.0,0.9738
5088867e-0fdc-4f76-8e86-fa19415f60ed,,2,c482ff65-7d7e-43ac-8770-aa2412381b83,Snake3,59,3,8,8,81,0,0.9672,1.0,0.9738
5088867e-0fdc-4f76-8e86-fa19415f60ed,,3,3be4f48f-74ea-423f-8af1-3f00583bd2c0,Snake1,16,3,4,4,87,0,0.2623,0.2,0.2498
5088867e-0fdc-4f76-8e86-fa19415f60ed,,4,43154be8-0266-40f6-b541-4a01447534e4,Snake4,16,3,4,4,87,0,0.2623,0.2,0.2498
45a7fa15-e4f4-4a79-a63d-733b664f4661,Snake1,1,9236611a-7ded-40bf-b02c-8f3451746561,Snake1,106,3,11,11,70,1,1.0,1.0,1.0
45a7fa15-e4f4-4a79-a63d-733b664f4661,Snake1,2,2ae4cfce-c576-4db2-8425-975b99433ee8,Snake2,13,3,5,5,100,0,0.1226,0.4,0.1781
45a7fa15-e4f4-4a79-a63d-733b664f4661,Snake1,3,20028b1c-f08b-471f-a9ae-65905cf0726a,Snake4,13,3,5,5,98,0,0.1226,0.4,0.1781
45a7fa15-e4f4-4a79-a63d-733b664f4661,Snake1,4,a67f9be6-06c9-409a-9628-a276fa72252a,Snake3,13,3,4,4,90,0,0.1226,0.2,0.1381
45a7fa15-e4f4-4a79-a63d-733b664f4661,Snake1,1,9236611a-7ded-40bf-b02c-8f3451746561,Snake1,106,3,11,11,70,1,1.0,1.0,1.0
45a7fa15-e4f4-4a79-a63d-733b664f4661,Snake1,2,20028b1c-f08b-471f-a9ae-65905cf0726a,Snake4,96,3,7,7,41,0,0.9057,0.8,0.8845
45a7fa15-e4f4-4a79-a63d-733b664f4661,Snake1,3,2ae4cfce-c576-4db2-8425-975b99433ee8,Snake2,96,3,7,7,31,0,0.9057,0.8,0.8845
45a7fa15-e4f4-4a79-a63d-733b664f4661,Snake1,4,a67f9be6-06c9-409a-9628-a276fa72252a,Snake3,13,3,4,4,90,0,0.1226,0.2,0.1381
45a7fa15-e4f4-4a79-a63d-733b664f4661,Snake1,1,9236611a-7ded-40bf-b02c-8f3451746561,Snake1,106,3,11,11,70,1,1.0,1.0,1.0
45a7fa15-e4f4-4a79-a63d-733b664f4661,Snake1,2,2ae4cfce-c576-4db2-8425-975b99433ee8,Snake2,104,3,7,7,23,0,0.9811,0.8,0.9449
45a7fa15-e4f4-4a79-a63d-733b664f4661,Snake1,3,20028b1c-f08b-471f-a9ae-65905cf0726a,Snake4,96,3,7,7,41,0,0.9057,0.8,0.8845
45a7fa15-e4f4-4a79-a63d-733b664f4661,Snake1,4,a67f9be6-06c9-409a-9628-a276fa72252a,Snake3,13,3,4,4,90,0,0.1226,0.2,0.1381
45a7fa15-e4f4-4a79-a63d-733b664f4661,Snake1,1,9236611a-7ded-40bf-b02c-8f3451746561,Snake1,106,3,11,11,70,1,1.0,1.0,1.0
45a7fa15-e4f4-4a79-a63d-733b664f4661,Snake1,2,2ae4cfce-c576-4db2-8425-975b99433ee8,Snake2,104,3,7,7,23,0,0.9811,0.8,0.9449
45a7fa15-e4f4-4a79-a63d-733b664f4661,Snake1,3,20028b1c-f08b-471f-a9ae-65905cf0726a,Snake4,96,3,7,7,41,0,0.9057,0.8,0.8845
45a7fa15-e4f4-4a79-a63d-733b664f4661,Snake1,4,a67f9be6-06c9-409a-9628-a276fa72252a,Snake3,13,3,4,4,90,0,0.1226,0.2,0.1381
f5cf812e-29ad-44f2-a93c-59ee7f86f0f8,Snake2,1,9d57409e-8150-476c-83ff-932a08211a47,Snake2,114,3,9,9,98,1,1.0,1.0,1.0
f5cf812e-29ad-44f2-a93c-59ee7f86f0f8,Snake2,2,061ece82-179b-4bbf-90e6-1d71b3eeef18,Snake3,112,3,11,11,53,0,0.9825,1.0,0.986
f5cf812e-29ad-44f2-a93c-59ee7f86f0f8,Snake2,3,9316cda9-69dc-490c-a72f-d0abbc0f27e4,Snake4,86,3,6,6,56,0,0.7544,0.6,0.7235
f5cf812e-29ad-44f2-a93c-59ee7f86f0f8,Snake2,4,123c66b9-b2a7-4991-8494-0d510356bd8d,Snake1,74,3,9,9,31,0,0.6491,1.0,0.7193
f5cf812e-29ad-44f2-a93c-59ee7f86f0f8,Snake2,1,9d57409e-8150-476c-83ff-932a08211a47,Snake2,114,3,9,9,98,1,1.0,1.0,1.0
f5cf812e-29ad-44f2-a93c-59ee7f86f0f8,Snake2,2,061ece82-179b-4bbf-90e6-1d71b3eeef18,Snake3,86,3,11,11,79,0,0.7544,1.0,0.8035
f5cf812e-29ad-44f2-a93c-59ee7f86f0f8,Snake2,3,9316cda9-69dc-490c-a72f-d0abbc0f27e4,Snake4,86,3,6,6,56,0,0.7544,0.6,0.7235
f5cf812e-29ad-44f2-a93c-59ee7f86f0f8,Snake2,4,123c66b9-b2a7-4991-8494-0d510356bd8d,Snake1,74,3,9,9,31,0,0.6491,1.0,0.7193
f5cf812e-29ad-44f2-a93c-59ee7f86f0f8,Snake2,1,9d57409e-8150-476c-83ff-932a08211a47,Snake2,114,3,9,9,98,1,1.0,1.0,1.0
f5cf812e-29ad-44f2-a93c-59ee7f86f0f8,Snake2,2,061ece82-179b-4bbf-90e6-1d71b3eeef18,Snake3,74,3,11,11,91,0,0.6491,1.0,0.7193
f5cf812e-29ad-44f2-a93c-59ee7f86f0f8,Snake2,3,123c66b9-b2a7-4991-8494-0d510356bd8d,Snake1,74,3,9,9,31,0,0.6491,1.0,0.7193
f5cf812e-29ad-44f2-a93c-59ee7f86f0f8,Snake2,4,9316cda9-69dc-490c-a72f-d0abbc0f27e4,Snake4,74,3,6,6,68,0,0.6491,0.6,0.6393
f5cf812e-29ad-44f2-a93c-59ee7f86f0f8,Snake2,1,9d57409e-8150-476c-83ff-932a08211a47,Snake2,114,3,9,9,98,1,1.0,1.0,1.0
f5cf812e-29ad-44f2-a93c-59ee7f86f0f8,Snake2,2,061ece82-179b-4bbf-90e6-1d71b3eeef18,Snake3,112,3,11,11,53,0,0.9825,1.0,0.986
f5cf812e-29ad-44f2-a93c-59ee7f86f0f8,Snake2,3,9316cda9-69dc-490c-a72f-d0abbc0f27e4,Snake4,86,3,6,6,56,0,0.7544,0.6,0.7235
f5cf812e-29ad-44f2-a93c-59ee7f86f0f8,Snake2,4,123c66b9-b2a7-4991-8494-0d510356bd8d,Snake1,74,3,9,9,31,0,0.6491,1.0,0.7193
8b120aef-6404-4859-886e-1f34233df500,Snake1,1,c9a62c4d-9800-4daa-96b1-85e050f2bd4d,Snake1,113,3,10,10,81,1,1.0,1.0,1.0
8b120aef-6404-4859-886e-1f34233df500,Snake1,2,086429e5-6344-425c-a8cf-8920ff1b6992,Snake4,111,3,11,11,15,0,0.9823,1.0,0.9858
8b120aef-6404-4859-886e-1f34233df500,Snake1,3,5084ac07-2930-4513-9a92-fc01da9936fa,Snake2,8,3,4,4,95,0,0.0708,0.2,0.0966
8b120aef-6404-4859-886e-1f34233df500,Snake1,4,3de43dc9-05eb-4ead-abf4-7ec05c3730aa,Snake3,8,3,4,4,95,0,0.0708,0.2,0.0966
8b120aef-6404-4859-886e-1f34233df500,Snake1,1,c9a62c4d-9800-4daa-96b1-85e050f2bd4d,Snake1,113,3,10,10,81,1,1.0,1.0,1.0
8b120aef-6404-4859-886e-1f34233df500,Snake1,2,086429e5-6344-425c-a8cf-8920ff1b6992,Snake4,8,3,4,4,99,0,0.0708,0.2,0.0966
8b120aef-6404-4859-886e-1f34233df500,Snake1,3,5084ac07-2930-4513-9a92-fc01da9936fa,Snake2,8,3,4,4,95,0,0.0708,0.2,0.0966
8b120aef-6404-4859-886e-1f34233df500,Snake1,4,3de43dc9-05eb-4ead-abf4-7ec05c3730aa,Snake3,8,3,4,4,95,0,0.0708,0.2,0.0966
8b120aef-6404-4859-886e-1f34233df500,Snake1,1,c9a62c4d-9800-4daa-96b1-85e050f2bd4d,Snake1,113,3,10,10,81,1,1.0,1.0,1.0
8b120aef-6404-4859-886e-1f34233df500,Snake1,2,086429e5-6344-425c-a8cf-8920ff1b6992,Snake4,8,3,4,4,99,0,0.0708,0.2,0.0966
8b120aef-6404-4859-886e-1f34233df500,Snake1,3,5084ac07-2930-4513-9a92-fc01da9936fa,Snake2,8,3,4,4,95,0,0.0708,0.2,0.0966
8b120aef-6404-4859-886e-1f34233df500,Snake1,4,3de43dc9-05eb-4ead-abf4-7ec05c3730aa,Snake3,8,3,4,4,95,0,0.0708,0.2,0.0966
8b120aef-6404-4859-886e-1f34233df500,Snake1,1,c9a62c4d-9800-4daa-96b1-85e050f2bd4d,Snake1,113,3,10,10,81,1,1.0,1.0,1.0
8b120aef-6404-4859-886e-1f34233df500,Snake1,2,086429e5-6344-425c-a8cf-8920ff1b6992,Snake4,111,3,11,11,15,0,0.9823,1.0,0.9858
8b120aef-6404-4859-886e-1f34233df500,Snake1,3,5084ac07-2930-4513-9a92-fc01da9936fa,Snake2,8,3,4,4,95,0,0.0708,0.2,0.0966
8b120aef-6404-4859-886e-1f34233df500,Snake1,4,3de43dc9-05eb-4ead-abf4-7ec05c3730aa,Snake3,8,3,4,4,95,0,0.0708,0.2,0.0966
84e89052-4f3c-4349-9e7e-ec852c9cf772,Snake1,1,76a9355b-32bd-4259-9033-cf6812b3a212,Snake1,83,3,10,10,88,1,1.0,1.0,1.0
84e89052-4f3c-4349-9e7e-ec852c9cf772,Snake1,2,9e206530-903a-4ad4-a9df-8aa919dba6ca,Snake2,81,3,10,10,8,0,0.9759,1.0,0.9807
84e89052-4f3c-4349-9e7e-ec852c9cf772,Snake1,3,0bf97103-36a8-4ebe-a7a9-37d1e10a4c1a,Snake3,7,3,4,4,96,0,0.0843,0.2,0.1075
84e89052-4f3c-4349-9e7e-ec852c9cf772,Snake1,4,bd39e6ec-a1f8-4125-a070-499c2ba39236,Snake4,7,3,4,4,96,0,0.0843,0.2,0.1075
84e89052-4f3c-4349-9e7e-ec852c9cf772,Snake1,1,76a9355b-32bd-4259-9033-cf6812b3a212,Snake1,83,3,10,10,88,1,1.0,1.0,1.0
84e89052-4f3c-4349-9e7e-ec852c9cf772,Snake1,2,9e206530-903a-4ad4-a9df-8aa919dba6ca,Snake2,81,3,10,10,8,0,0.9759,1.0,0.9807
84e89052-4f3c-4349-9e7e-ec852c9cf772,Snake1,3,0bf97103-36a8-4ebe-a7a9-37d1e10a4c1a,Snake3,7,3,4,4,96,0,0.0843,0.2,0.1075
84e89052-4f3c-4349-9e7e-ec852c9cf772,Snake1,4,bd39e6ec-a1f8-4125-a070-499c2ba39236,Snake4,7,3,4,4,96,0,0.0843,0.2,0.1075
84e89052-4f3c-4349-9e7e-ec852c9cf772,Snake1,1,76a9355b-32bd-4259-9033-cf6812b3a212,Snake1,83,3,10,10,88,1,1.0,1.0,1.0
84e89052-4f3c-4349-9e7e-ec852c9cf772,Snake1,2,9e206530-903a-4ad4-a9df-8aa919dba6ca,Snake2,7,3,4,4,96,0,0.0843,0.2,0.1075
84e89052-4f3c-4349-9e7e-ec852c9cf772,Snake1,3,0bf97103-36a8-4ebe-a7a9-37d1e10a4c1a,Snake3,7,3,4,4,96,0,0.0843,0.2,0.1075
84e89052-4f3c-4349-9e7e-ec852c9cf772,Snake1,4,bd39e6ec-a1f8-4125-a070-499c2ba39236,Snake4,7,3,4,4,96,0,0.0843,0.2,0.1075
84e89052-4f3c-4349-9e7e-ec852c9cf772,Snake1,1,76a9355b-32bd-4259-9033-cf6812b3a212,Snake1,83,3,10,10,88,1,1.0,1.0,1.0
84e89052-4f3c-4349-9e7e-ec852c9cf772,Snake1,2,9e206530-903a-4ad4-a9df-8aa919dba6ca,Snake2,7,3,4,4,96,0,0.0843,0.2,0.1075
84e89052-4f3c-4349-9e7e-ec852c9cf772,Snake1,3,0bf97103-36a8-4ebe-a7a9-37d1e10a4c1a,Snake3,7,3,4,4,96,0,0.0843,0.2,0.1075
84e89052-4f3c-4349-9e7e-ec852c9cf772,Snake1,4,bd39e6ec-a1f8-4125-a070-499c2ba39236,Snake4,7,3,4,4,96,0,0.0843,0.2,0.1075
56a0c434-2e65-4fa7-aa36-4159349d1294,Snake2,1,a625282e-3977-4b7e-a87a-a134fb9ce2a7,Snake2,107,3,14,14,83,1,1.0,1.0,1.0
56a0c434-2e65-4fa7-aa36-4159349d1294,Snake2,2,1c09e18d-241c-490e-91e1-a847eace024d,Snake1,105,3,9,9,51,0,0.9813,1.0,0.985
56a0c434-2e65-4fa7-aa36-4159349d1294,Snake2,3,4b02f373-5e9e-4ffe-a8ff-7e0cfda8f791,Snake3,7,3,4,4,96,0,0.0654,0.2,0.0923
56a0c434-2e65-4fa7-aa36-4159349d1294,Snake2,4,c6ec8b3f-a654-4230-9093-dc1e4b2bc731,Snake4,7,3,4,4,96,0,0.0654,0.2,0.0923
56a0c434-2e65-4fa7-aa36-4159349d1294,Snake2,1,a625282e-3977-4b7e-a87a-a134fb9ce2a7,Snake2,107,3,14,14,83,1,1.0,1.0,1.0
56a0c434-2e65-4fa7-aa36-4159349d1294,Snake2,2,1c09e18d-241c-490e-91e1-a847eace024d,Snake1,105,3,9,9,51,0,0.9813,1.0,0.985
56a0c434-2e65-4fa7-aa36-4159349d1294,Snake2,3,4b02f373-5e9e-4ffe-a8ff-7e0cfda8f791,Snake3,7,3,4,4,96,0,0.0654,0.2,0.0923
56a0c434-2e65-4fa7-aa36-4159349d1294,Snake2,4,c6ec8b3f-a654-4230-9093-dc1e4b2bc731,Snake4,7,3,4,4,96,0,0.0654,0.2,0.0923
56a0c434-2e65-4fa7-aa36-4159349d1294,Snake2,1,a625282e-3977-4b7e-a87a-a134fb9ce2a7,Snake2,107,3,14,14,83,1,1.0,1.0,1.0
56a0c434-2e65-4fa7-aa36-4159349d1294,Snake2,2,1c09e18d-241c-490e-91e1-a847eace024d,Snake1,7,3,5,5,100,0,0.0654,0.4,0.1323
56a0c434-2e65-4fa7-aa36-4159349d1294,Snake2,3,4b02f373-5e9e-4ffe-a8ff-7e0cfda8f791,Snake3,7,3,4,4,96,0,0.0654,0.2,0.0923
56a0c434-2e65-4fa7-aa36-4159349d1294,Snake2,4,c6ec8b3f-a654-4230-9093-dc1e4b2bc731,Snake4,7,3,4,4,96,0,0.0654,0.2,0.0923
56a0c434-2e65-4fa7-aa36-4159349d1294,Snake2,1,a625282e-3977-4b7e-a87a-a134fb9ce2a7,Snake2,107,3,14,14,83,1,1.0,1.0,1.0
56a0c434-2e65-4fa7-aa36-4159349d1294,Snake2,2,1c09e18d-241c-490e-91e1-a847eace024d,Snake1,7,3,5,5,100,0,0.0654,0.4,0.1323
56a0c434-2e65-4fa7-aa36-4159349d1294,Snake2,3,4b02f373-5e9e-4ffe-a8ff-7e0cfda8f791,Snake3,7,3,4,4,96,0,0.0654,0.2,0.0923
56a0c434-2e65-4fa7-aa36-4159349d1294,Snake2,4,c6ec8b3f-a654-4230-9093-dc1e4b2bc731,Snake4,7,3,4,4,96,0,0.0654,0.2,0.0923
138cb7de-f4ad-4d83-804e-ab8eecbb4721,Snake4,1,50f6139b-acaf-4367-b573-2d16d6ae33b0,Snake4,81,3,8,8,88,1,1.0,1.0,1.0
138cb7de-f4ad-4d83-804e-ab8eecbb4721,Snake4,2,d8ffab33-d4ef-4b08-9dd2-384a444cdb40,Snake3,33,3,10,10,96,0,0.4074,1.0,0.5259
138cb7de-f4ad-4d83-804e-ab8eecbb4721,Snake4,3,26137fb6-f0ab-4ec9-900b-d388bd1974b9,Snake1,33,3,6,6,85,0,0.4074,0.6,0.4459
138cb7de-f4ad-4d83-804e-ab8eecbb4721,Snake4,4,0dc444f6-5b10-4ac0-8626-5a83dfd1399a,Snake2,10,3,4,4,93,0,0.1235,0.2,0.1388
138cb7de-f4ad-4d83-804e-ab8eecbb4721,Snake4,1,50f6139b-acaf-4367-b573-2d16d6ae33b0,Snake4,81,3,8,8,88,1,1.0,1.0,1.0
138cb7de-f4ad-4d83-804e-ab8eecbb4721,Snake4,2,26137fb6-f0ab-4ec9-900b-d388bd1974b9,Snake1,10,3,5,5,97,0,0.1235,0.4,0.1788
138cb7de-f4ad-4d83-804e-ab8eecbb4721,Snake4,3,d8ffab33-d4ef-4b08-9dd2-384a444cdb40,Snake3,10,3,5,5,97,0,0.1235,0.4,0.1788
138cb7de-f4ad-4d83-804e-ab8eecbb4721,Snake4,4,0dc444f6-5b10-4ac0-8626-5a83dfd1399a,Snake2,10,3,4,4,93,0,0.1235,0.2,0.1388
138cb7de-f4ad-4d83-804e-ab8eecbb4721,Snake4,1,50f6139b-acaf-4367-b573-2d16d6ae33b0,Snake4,81,3,8,8,88,1,1.0,1.0,1.0
138cb7de-f4ad-4d83-804e-ab8eecbb4721,Snake4,2,d8ffab33-d4ef-4b08-9dd2-384a444cdb40,Snake3,79,3,13,13,87,0,0.9753,1.0,0.9802
138cb7de-f4ad-4d83-804e-ab8eecbb4721,Snake4,3,26137fb6-f0ab-4ec9-900b-d388bd1974b9,Snake1,33,3,6,6,85,0,0.4074,0.6,0.4459
138cb7de-f4ad-4d83-804e-ab8eecbb4721,Snake4,4,0dc444f6-5b10-4ac0-8626-5a83dfd1399a,Snake2,10,3,4,4,93,0,0.1235,0.2,0.1388
138cb7de-f4ad-4d83-804e-ab8eecbb4721,Snake4,1,50f6139b-acaf-4367-b573-2d16d6ae33b0,Snake4,81,3,8,8,88,1,1.0,1.0,1.0
138cb7de-f4ad-4d83-804e-ab8eecbb4721,Snake4,2,d8ffab33-d4ef-4b08-9dd2-384a444cdb40,Snake3,79,3,13,13,87,0,0.9753,1.0,0.9802
138cb7de-f4ad-4d83-804e-ab8eecbb4721,Snake4,3,26137fb6-f0ab-4ec9-900b-d388bd1974b9,Snake1,33,3,6,6,85,0,0.4074,0.6,0.4459
138cb7de-f4ad-4d83-804e-ab8eecbb4721,Snake4,4,0dc444f6-5b10-4ac0-8626-5a83dfd1399a,Snake2,10,3,4,4,93,0,0.1235,0.2,0.1388
ad5560d9-57b7-4d65-afb2-85365a1d4439,Snake4,1,03977be2-2b25-436c-9090-3b9cbb68b3fd,Snake4,162,3,8,8,66,1,1.0,1.0,1.0
ad5560d9-57b7-4d65-afb2-85365a1d4439,Snake4,2,96f96377-cdd7-4702-84f8-31828e04bf5f,Snake3,50,3,10,10,96,0,0.3086,1.0,0.4469
ad5560d9-57b7-4d65-afb2-85365a1d4439,Snake4,3,bc180fa1-7cd8-4807-b2b7-7a91a759b9a6,Snake2,50,3,7,7,86,0,0.3086,0.8,0.4069
ad5560d9-57b7-4d65-afb2-85365a1d4439,Snake4,4,45b4e980-12c2-4a01-931b-4bc009a47502,Snake1,50,3,6,6,88,0,0.3086,0.6,0.3669
ad5560d9-57b7-4d65-afb2-85365a1d4439,Snake4,1,03977be2-2b25-436c-9090-3b9cbb68b3fd,Snake4,162,3,8,8,66,1,1.0,1.0,1.0
ad5560d9-57b7-4d65-afb2-85365a1d4439,Snake4,2,bc180fa1-7cd8-4807-b2b7-7a91a759b9a6,Snake2,160,3,8,8,1,0,0.9877,1.0,0.9901
ad5560d9-57b7-4d65-afb2-85365a1d4439,Snake4,3,96f96377-cdd7-4702-84f8-31828e04bf5f,Snake3,98,3,12,12,18,0,0.6049,1.0,0.684
ad5560d9-57b7-4d65-afb2-85365a1d4439,Snake4,4,45b4e980-12c2-4a01-931b-4bc009a47502,Snake1,50,3,6,6,88,0,0.3086,0.6,0.3669
ad5560d9-57b7-4d65-afb2-85365a1d4439,Snake4,1,03977be2-2b25-436c-9090-3b9cbb68b3fd,Snake4,162,3,8,8,66,1,1.0,1.0,1.0
ad5560d9-57b7-4d65-afb2-85365a1d4439,Snake4,2,96f96377-cdd7-4702-84f8-31828e04bf5f,Snake3,98,3,12,12,18,0,0.6049,1.0,0.684
ad5560d9-57b7-4d65-afb2-85365a1d4439,Snake4,3,bc180fa1-7cd8-4807-b2b7-7a91a759b9a6,Snake2,98,3,8,8,63,0,0.6049,1.0,0.684
ad5560d9-57b7-4d65-afb2-85365a1d4439,Snake4,4,45b4e980-12c2-4a01-931b-4bc009a47502,Snake1,50,3,6,6,88,0,0.3086,0.6,0.3669
ad5560d9-57b7-4d65-afb2-85365a1d4439,Snake4,1,03977be2-2b25-436c-9090-3b9cbb68b3fd,Snake4,162,3,8,8,66,1,1.0,1.0,1.0
ad5560d9-57b7-4d65-afb2-85365a1d4439,Snake4,2,bc180fa1-7cd8-4807-b2b7-7a91a759b9a6,Snake2,160,3,8,8,1,0,0.9877,1.0,0.9901
ad5560d9-57b7-4d65-afb2-85365a1d4439,Snake4,3,96f96377-cdd7-4702-84f8-31828e04bf5f,Snake3,98,3,12,12,18,0,0.6049,1.0,0.684
ad5560d9-57b7-4d65-afb2-85365a1d4439,Snake4,4,45b4e980-12c2-4a01-931b-4bc009a47502,Snake1,50,3,6,6,88,0,0.3086,0.6,0.3669
5247c3a9-8b9e-4cc2-9dc9-b9ab3d15deb3,Snake4,1,29c21f0b-07ef-41b1-861c-6251f438d350,Snake4,130,3,14,14,93,1,1.0,1.0,1.0
5247c3a9-8b9e-4cc2-9dc9-b9ab3d15deb3,Snake4,2,08c04a08-7d70-46ee-9d95-c4dc7ff3b0f0,Snake1,128,3,8,8,1,0,0.9846,1.0,0.9877
5247c3a9-8b9e-4cc2-9dc9-b9ab3d15deb3,Snake4,3,4f96cdf0-d79e-4ab5-b1fb-1e9e463d6b3f,Snake2,10,3,5,5,98,0,0.0769,0.4,0.1415
5247c3a9-8b9e-4cc2-9dc9-b9ab3d15deb3,Snake4,4,846d3219-58dd-446e-ab08-e9021eadcf61,Snake3,10,3,5,5,97,0,0.0769,0.4,0.1415
5247c3a9-8b9e-4cc2-9dc9-b9ab3d15deb3,Snake4,1,29c21f0b-07ef-41b1-861c-6251f438d350,Snake4,130,3,14,14,93,1,1.0,1.0,1.0
5247c3a9-8b9e-4cc2-9dc9-b9ab3d15deb3,Snake4,2,4f96cdf0-d79e-4ab5-b1fb-1e9e463d6b3f,Snake2,10,3,5,5,98,0,0.0769,0.4,0.1415
5247c3a9-8b9e-4cc2-9dc9-b9ab3d15deb3,Snake4,3,08c04a08-7d70-46ee-9d95-c4dc7ff3b0f0,Snake1,10,3,5,5,97,0,0.0769,0.4,0.1415
5247c3a9-8b9e-4cc2-9dc9-b9ab3d15deb3,Snake4,4,846d3219-58dd-446e-ab08-e9021eadcf61,Snake3,10,3,5,5,97,0,0.0769,0.4,0.1415
5247c3a9-8b9e-4cc2-9dc9-b9ab3d15deb3,Snake4,1,29c21f0b-07ef-41b1-861c-6251f438d350,Snake4,130,3,14,14,93,1,1.0,1.0,1.0
5247c3a9-8b9e-4cc2-9dc9-b9ab3d15deb3,Snake4,2,4f96cdf0-d79e-4ab5-b1fb-1e9e463d6b3f,Snake2,10,3,5,5,98,0,0.0769,0.4,0.1415
5247c3a9-8b9e-4cc2-9dc9-b9ab3d15deb3,Snake4,3,08c04a08-7d70-46ee-9d95-c4dc7ff3b0f0,Snake1,10,3,5,5,97,0,0.0769,0.4,0.1415
5247c3a9-8b9e-4cc2-9dc9-b9ab3d15deb3,Snake4,4,846d3219-58dd-446e-ab08-e9021eadcf61,Snake3,10,3,5,5,97,0,0.0769,0.4,0.1415
5247c3a9-8b9e-4cc2-9dc9-b9ab3d15deb3,Snake4,1,29c21f0b-07ef-41b1-861c-6251f438d350,Snake4,130,3,14,14,93,1,1.0,1.0,1.0
5247c3a9-8b9e-4cc2-9dc9-b9ab3d15deb3,Snake4,2,08c04a08-7d70-46ee-9d95-c4dc7ff3b0f0,Snake1,128,3,8,8,1,0,0.9846,1.0,0.9877
5247c3a9-8b9e-4cc2-9dc9-b9ab3d15deb3,Snake4,3,4f96cdf0-d79e-4ab5-b1fb-1e9e463d6b3f,Snake2,10,3,5,5,98,0,0.0769,0.4,0.1415
5247c3a9-8b9e-4cc2-9dc9-b9ab3d15deb3,Snake4,4,846d3219-58dd-446e-ab08-e9021eadcf61,Snake3,10,3,5,5,97,0,0.0769,0.4,0.1415
ed7b3d68-0361-4e45-96a6-62569a149dd6,Snake2,1,fdf505c8-c1fd-4871-836b-b6c47425c642,Snake2,94,3,8,8,77,1,1.0,1.0,1.0
ed7b3d68-0361-4e45-96a6-62569a149dd6,Snake2,2,64a0baa7-eb38-410a-8f8f-1c158d0294f8,Snake3,92,3,16,16,10,0,0.9787,1.0,0.983
ed7b3d68-0361-4e45-96a6-62569a149dd6,Snake2,3,0d3824fe-188b-4f60-b2be-b2db241bde9c,Snake4,52,3,6,6,79,0,0.5532,0.6,0.5626
ed7b3d68-0361-4e45-96a6-62569a149dd6,Snake2,4,104ce41d-ea07-4c79-8dc2-434da9bf6d4d,Snake1,47,3,7,7,86,0,0.5,0.8,0.56
ed7b3d68-0361-4e45-96a6-62569a149dd6,Snake2,1,fdf505c8-c1fd-4871-836b-b6c47425c642,Snake2,94,3,8,8,77,1,1.0,1.0,1.0
ed7b3d68-0361-4e45-96a6-62569a149dd6,Snake2,2,64a0baa7-eb38-410a-8f8f-1c158d0294f8,Snake3,52,3,13,13,100,0,0.5532,1.0,0.6426
ed7b3d68-0361-4e45-96a6-62569a149dd6,Snake2,3,0d3824fe-188b-4f60-b2be-b2db241bde9c,Snake4,52,3,6,6,79,0,0.5532,0.6,0.5626
ed7b3d68-0361-4e45-96a6-62569a149dd6,Snake2,4,104ce41d-ea07-4c79-8dc2-434da9bf6d4d,Snake1,47,3,7,7,86,0,0.5,0.8,0.56
ed7b3d68-0361-4e45-96a6-62569a149dd6,Snake2,1,fdf505c8-c1fd-4871-836b-b6c47425c642,Snake2,94,3,8,8,77,1,1.0,1.0,1.0
ed7b3d68-0361-4e45-96a6-62569a149dd6,Snake2,2,64a0baa7-eb38-410a-8f8f-1c158d0294f8,Snake3,47,3,12,12,97,0,0.5,1.0,0.6
ed7b3d68-0361-4e45-96a6-62569a149dd6,Snake2,3,104ce41d-ea07-4c79-8dc2-434da9bf6d4d,Snake1,47,3,7,7,86,0,0.5,0.8,0.56
ed7b3d68-0361-4e45-96a6-62569a149dd6,Snake2,4,0d3824fe-188b-4f60-b2be-b2db241bde9c,Snake4,47,3,6,6,84,0,0.5,0.6,0.52
ed7b3d68-0361-4e45-96a6-62569a149dd6,Snake2,1,fdf505c8-c1fd-4871-836b-b6c47425c642,Snake2,94,3,8,8,77,1,1.0,1.0,1.0
ed7b3d68-0361-4e45-96a6-62569a149dd6,Snake2,2,64a0baa7-eb38-410a-8f8f-1c158d0294f8,Snake3,92,3,16,16,10,0,0.9787,1.0,0.983
ed7b3d68-0361-4e45-96a6-62569a149dd6,Snake2,3,0d3824fe-188b-4f60-b2be-b2db241bde9c,Snake4,52,3,6,6,79,0,0.5532,0.6,0.5626
ed7b3d68-0361-4e45-96a6-62569a149dd6,Snake2,4,104ce41d-ea07-4c79-8dc2-434da9bf6d4d,Snake1,47,3,7,7,86,0,0.5,0.8,0.56
c414f335-1294-47b7-9fcf-74b769526fb4,Snake1,1,7ad70e27-1e4a-4689-ae31-f08a78725d86,Snake1,52,3,12,12,99,1,1.0,1.0,1.0
c414f335-1294-47b7-9fcf-74b769526fb4,Snake1,2,febcadd4-6b0c-4895-a8f8-843501b9b6ec,Snake2,50,3,11,11,94,0,0.9615,1.0,0.9692
c414f335-1294-47b7-9fcf-74b769526fb4,Snake1,3,1e729607-77a2-401b-a161-205025d65453,Snake3,46,3,8,8,100,0,0.8846,1.0,0.9077
c414f335-1294-47b7-9fcf-74b769526fb4,Snake1,4,49a12d2f-7d55-4342-bde6-d96ee334352c,Snake4,10,3,4,4,93,0,0.1923,0.2,0.1938
c414f335-1294-47b7-9fcf-74b769526fb4,Snake1,1,7ad70e27-1e4a-4689-ae31-f08a78725d86,Snake1,52,3,12,12,99,1,1.0,1.0,1.0
c414f335-1294-47b7-9fcf-74b769526fb4,Snake1,2,febcadd4-6b0c-4895-a8f8-843501b9b6ec,Snake2,46,3,11,11,98,0,0.8846,1.0,0.9077
c414f335-1294-47b7-9fcf-74b769526fb4,Snake1,3,1e729607-77a2-401b-a161-205025d65453,Snake3,46,3,8,8,100,0,0.8846,1.0,0.9077
c414f335-1294-47b7-9fcf-74b769526fb4,Snake1,4,49a12d2f-7d55-4342-bde6-d96ee334352c,Snake4,10,3,4,4,93,0,0.1923,0.2,0.1938
c414f335-1294-47b7-9fcf-74b769526fb4,Snake1,1,7ad70e27-1e4a-4689-ae31-f08a78725d86,Snake1,52,3,12,12,99,1,1.0,1.0,1.0
c414f335-1294-47b7-9fcf-74b769526fb4,Snake1,2,1e729607-77a2-401b-a161-205025d65453,Snake3,10,3,5,5,99,0,0.1923,0.4,0.2338
c414f335-1294-47b7-9fcf-74b769526fb4,Snake1,3,febcadd4-6b0c-4895-a8f8-843501b9b6ec,Snake2,10,3,4,4,93,0,0.1923,0.2,0.1938
c414f335-1294-47b7-9fcf-74b769526fb4,Snake1,4,49a12d2f-7d55-4342-bde6-d96ee334352c,Snake4,10,3,4,4,93,0,0.1923,0.2,0.1938
c414f335-1294-47b7-9fcf-74b769526fb4,Snake1,1,7ad70e27-1e4a-4689-ae31-f08a78725d86,Snake1,52,3,12,12,99,1,1.0,1.0,1.0
c414f335-1294-47b7-9fcf-74b769526fb4,Snake1,2,febcadd4-6b0c-4895-a8f8-843501b9b6ec,Snake2,50,3,11,11,94,0,0.9615,1.0,0.9692
c414f335-1294-47b7-9fcf-74b769526fb4,Snake1,3,1e729607-77a2-401b-a161-205025d65453,Snake3,46,3,8,8,100,0,0.8846,1.0,0.9077
c414f335-1294-47b7-9fcf-74b769526fb4,Snake1,4,49a12d2f-7d55-4342-bde6-d96ee334352c,Snake4,10,3,4,4,93,0,0.1923,0.2,0.1938
41ec97bd-aa4d-435c-ac0b-28b1a0bec82f,Snake4,1,ee4c502d-3b02-40fc-b8c4-4aa646b73cf7,Snake4,116,3,15,15,99,1,1.0,1.0,1.0
41ec97bd-aa4d-435c-ac0b-28b1a0bec82f,Snake4,2,a0411a79-ed5d-438f-9235-a81da030200c,Snake2,10,3,5,5,99,0,0.0862,0.4,0.149
41ec97bd-aa4d-435c-ac0b-28b1a0bec82f,Snake4,3,86ba942d-0358-4fdd-9847-85aaac128fa6,Snake1,10,3,4,4,93,0,0.0862,0.2,0.109
41ec97bd-aa4d-435c-ac0b-28b1a0bec82f,Snake4,4,5ed2e579-331e-4f69-a11e-193b7bc431dd,Snake3,10,3,4,4,93,0,0.0862,0.2,0.109
41ec97bd-aa4d-435c-ac0b-28b1a0bec82f,Snake4,1,ee4c502d-3b02-40fc-b8c4-4aa646b73cf7,Snake4,116,3,15,15,99,1,1.0,1.0,1.0
41ec97bd-aa4d-435c-ac0b-28b1a0bec82f,Snake4,2,a0411a79-ed5d-438f-9235-a81da030200c,Snake2,114,3,12,12,86,0,0.9828,1.0,0.9862
41ec97bd-aa4d-435c-ac0b-28b1a0bec82f,Snake4,3,86ba942d-0358-4fdd-9847-85aaac128fa6,Snake1,10,3,4,4,93,0,0.0862,0.2,0.109
41ec97bd-aa4d-435c-ac0b-28b1a0bec82f,Snake4,4,5ed2e579-331e-4f69-a11e-193b7bc431dd,Snake3,10,3,4,4,93,0,0.0862,0.2,0.109
41ec97bd-aa4d-435c-ac0b-28b1a0bec82f,Snake4,1,ee4c502d-3b02-40fc-b8c4-4aa646b73cf7,Snake4,116,3,15,15,99,1,1.0,1.0,1.0
41ec97bd-aa4d-435c-ac0b-28b1a0bec82f,Snake4,2,a0411a79-ed5d-438f-9235-a81da030200c,Snake2,10,3,5,5,99,0,0.0862,0.4,0.149
41ec97bd-aa4d-435c-ac0b-28b1a0bec82f,Snake4,3,86ba942d-0358-4fdd-9847-85aaac128fa6,Snake1,10,3,4,4,93,0,0.0862,0.2,0.109
41ec97bd-aa4d-435c-ac0b-28b1a0bec82f,Snake4,4,5ed2e579-331e-4f69-a11e-193b7bc431dd,Snake3,10,3,4,4,93,0,0.0862,0.2,0.109
41ec97bd-aa4d-435c-ac0b-28b1a0bec82f,Snake4,1,ee4c502d-3b02-40fc-b8c4-4aa646b73cf7,Snake4,116,3,15,15,99,1,1.0,1.0,1.0
41ec97bd-aa4d-435c-ac0b-28b1a0bec82f,Snake4,2,a0411a79-ed5d-438f-9235-a81da030200c,Snake2,114,3,12,12,86,0,0.9828,1.0,0.9862
41ec97bd-aa4d-435c-ac0b-28b1a0bec82f,Snake4,3,86ba942d-0358-4fdd-9847-85aaac128fa6,Snake1,10,3,4,4,93,0,0.0862,0.2,0.109
41ec97bd-aa4d-435c-ac0b-28b1a0bec82f,Snake4,4,5ed2e579-331e-4f69-a11e-193b7bc431dd,Snake3,10,3,4,4,93,0,0.0862,0.2,0.109
c7057754-f03b-45b3-9db5-75f1846def90,,1,e59e2f1f-fd0e-46de-95c3-f7ee67dabd39,Snake1,2,3,3,3,99,0,0.1667,0.0,0.1333
c7057754-f03b-45b3-9db5-75f1846def90,,2,dc844954-4d8d-4144-bfc1-86a3de236e21,Snake2,2,3,3,3,99,0,0.1667,0.0,0.1333
c7057754-f03b-45b3-9db5-75f1846def90,,3,41ab7df8-271c-4b24-b7ea-28818b1e391d,Snake3,2,3,3,3,99,0,0.1667,0.0,0.1333
c7057754-f03b-45b3-9db5-75f1846def90,,4,97beec0b-f6cd-4ce2-a203-47538d48faee,Snake4,2,3,3,3,99,0,0.1667,0.0,0.1333
c7057754-f03b-45b3-9db5-75f1846def90,,1,e59e2f1f-fd0e-46de-95c3-f7ee67dabd39,Snake1,2,3,3,3,99,0,0.1667,0.0,0.1333
c7057754-f03b-45b3-9db5-75f1846def90,,2,dc844954-4d8d-4144-bfc1-86a3de236e21,Snake2,2,3,3,3,99,0,0.1667,0.0,0.1333
c7057754-f03b-45b3-9db5-75f1846def90,,3,41ab7df8-271c-4b24-b7ea-28818b1e391d,Snake3,2,3,3,3,99,0,0.1667,0.0,0.1333
c7057754-f03b-45b3-9db5-75f1846def90,,4,97beec0b-f6cd-4ce2-a203-47538d48faee,Snake4,2,3,3,3,99,0,0.1667,0.0,0.1333
c7057754-f03b-45b3-9db5-75f1846def90,,1,e59e2f1f-fd0e-46de-95c3-f7ee67dabd39,Snake1,10,3,3,3,91,0,0.8333,0.0,0.6667
c7057754-f03b-45b3-9db5-75f1846def90,,2,41ab7df8-271c-4b24-b7ea-28818b1e391d,Snake3,10,3,3,3,91,0,0.8333,0.0,0.6667
c7057754-f03b-45b3-9db5-75f1846def90,,3,dc844954-4d8d-4144-bfc1-86a3de236e21,Snake2,2,3,3,3,99,0,0.1667,0.0,0.1333
c7057754-f03b-45b3-9db5-75f1846def90,,4,97beec0b-f6cd-4ce2-a203-47538d48faee,Snake4,2,3,3,3,99,0,0.1667,0.0,0.1333
c7057754-f03b-45b3-9db5-75f1846def90,,1,e59e2f1f-fd0e-46de-95c3-f7ee67dabd39,Snake1,10,3,3,3,91,0,0.8333,0.0,0.6667
c7057754-f03b-45b3-9db5-75f1846def90,,2,41ab7df8-271c-4b24-b7ea-28818b1e391d,Snake3,10,3,3,3,91,0,0.8333,0.0,0.6667
c7057754-f03b-45b3-9db5-75f1846def90,,3,dc844954-4d8d-4144-bfc1-86a3de236e21,Snake2,2,3,3,3,99,0,0.1667,0.0,0.1333
c7057754-f03b-45b3-9db5-75f1846def90,,4,97beec0b-f6cd-4ce2-a203-47538d48faee,Snake4,2,3,3,3,99,0,0.1667,0.0,0.1333
db4a85fc-1d0c-4cc6-a439-802b8a83e6aa,Snake1,1,0e07d335-2642-4e17-9545-a45da59fbc7f,Snake1,8,3,4,4,98,1,1.0,0.2,0.84
db4a85fc-1d0c-4cc6-a439-802b8a83e6aa,Snake1,2,02caa1c3-2688-4587-b6c9-e915770a1acc,Snake2,6,3,3,3,95,0,0.75,0.0,0.6
db4a85fc-1d0c-4cc6-a439-802b8a83e6aa,Snake1,3,19870bb7-37ad-4ee4-bd57-c33b38041cee,Snake4,6,3,3,3,95,0,0.75,0.0,0.6
db4a85fc-1d0c-4cc6-a439-802b8a83e6aa,Snake1,4,92b2ca03-9ae9-41a1-8783-1d11d298f036,Snake3,2,3,3,3,99,0,0.25,0.0,0.2
db4a85fc-1d0c-4cc6-a439-802b8a83e6aa,Snake1,1,0e07d335-2642-4e17-9545-a45da59fbc7f,Snake1,8,3,4,4,98,1,1.0,0.2,0.84
db4a85fc-1d0c-4cc6-a439-802b8a83e6aa,Snake1,2,02caa1c3-2688-4587-b6c9-e915770a1acc,Snake2,2,3,3,3,99,0,0.25,0.0,0.2
db4a85fc-1d0c-4cc6-a439-802b8a83e6aa,Snake1,3,92b2ca03-9ae9-41a1-8783-1d11d298f036,Snake3,2,3,3,3,99,0,0.25,0.0,0.2
db4a85fc-1d0c-4cc6-a439-802b8a83e6aa,Snake1,4,19870bb7-37ad-4ee4-bd57-c33b38041cee,Snake4,2,3,3,3,99,0,0.25,0.0,0.2
db4a85fc-1d0c-4cc6-a439-802b8a83e6aa,Snake1,1,0e07d335-2642-4e17-9545-a45da59fbc7f,Snake1,8,3,4,4,98,1,1.0,0.2,0.84
db4a85fc-1d0c-4cc6-a439-802b8a83e6aa,Snake1,2,02caa1c3-2688-4587-b6c9-e915770a1acc,Snake2,6,3,3,3,95,0,0.75,0.0,0.6
db4a85fc-1d0c-4cc6-a439-802b8a83e6aa,Snake1,3,19870bb7-37ad-4ee4-bd57-c33b38041cee,Snake4,6,3,3,3,95,0,0.75,0.0,0.6
db4a85fc-1d0c-4cc6-a439-802b8a83e6aa,Snake1,4,92b2ca03-9ae9-41a1-8783-1d11d298f036,Snake3,2,3,3,3,99,0,0.25,0.0,0.2
db4a85fc-1d0c-4cc6-a439-802b8a83e6aa,Snake1,1,0e07d335-2642-4e17-9545-a45da59fbc7f,Snake1,8,3,4,4,98,1,1.0,0.2,0.84
db4a85fc-1d0c-4cc6-a439-802b8a83e6aa,Snake1,2,02caa1c3-2688-4587-b6c9-e915770a1acc,Snake2,6,3,3,3,95,0,0.75,0.0,0.6
db4a85fc-1d0c-4cc6-a439-802b8a83e6aa,Snake1,3,19870bb7-37ad-4ee4-bd57-c33b38041cee,Snake4,6,3,3,3,95,0,0.75,0.0,0.6
db4a85fc-1d0c-4cc6-a439-802b8a83e6aa,Snake1,4,92b2ca03-9ae9-41a1-8783-1d11d298f036,Snake3,2,3,3,3,99,0,0.25,0.0,0.2
64529d4d-aa01-4d5f-bded-c8becb5ce4a1,Snake2,1,56d75f67-e4b5-438b-900d-8e47ba5ce928,Snake2,122,3,17,17,93,1,1.0,1.0,1.0
64529d4d-aa01-4d5f-bded-c8becb5ce4a1,Snake2,2,4df766ec-421c-4d64-844a-7ea1c352057e,Snake4,120,3,19,19,33,0,0.9836,1.0,0.9869
64529d4d-aa01-4d5f-bded-c8becb5ce4a1,Snake2,3,d5b72d7e-6326-4182-bc22-d67c2456e4da,Snake1,2,3,3,3,99,0,0.0164,0.0,0.0131
64529d4d-aa01-4d5f-bded-c8becb5ce4a1,Snake2,4,54433c56-c789-4b42-aaa2-b54855284eb3,Snake3,2,3,3,3,99,0,0.0164,0.0,0.0131
64529d4d-aa01-4d5f-bded-c8becb5ce4a1,Snake2,1,56d75f67-e4b5-438b-900d-8e47ba5ce928,Snake2,122,3,17,17,93,1,1.0,1.0,1.0
64529d4d-aa01-4d5f-bded-c8becb5ce4a1,Snake2,2,d5b72d7e-6326-4182-bc22-d67c2456e4da,Snake1,2,3,3,3,99,0,0.0164,0.0,0.0131
64529d4d-aa01-4d5f-bded-c8becb5ce4a1,Snake2,3,54433c56-c789-4b42-aaa2-b54855284eb3,Snake3,2,3,3,3,99,0,0.0164,0.0,0.0131
64529d4d-aa01-4d5f-bded-c8becb5ce4a1,Snake2,4,4df766ec-421c-4d64-844a-7ea1c352057e,Snake4,2,3,3,3,99,0,0.0164,0.0,0.0131
64529d4d-aa01-4d5f-bded-c8becb5ce4a1,Snake2,1,56d75f67-e4b5-438b-900d-8e47ba5ce928,Snake2,122,3,17,17,93,1,1.0,1.0,1.0
64529d4d-aa01-4d5f-bded-c8becb5ce4a1,Snake2,2,4df766ec-421c-4d64-844a-7ea1c352057e,Snake4,120,3,19,19,33,0,0.9836,1.0,0.9869
64529d4d-aa01-4d5f-bded-c8becb5ce4a1,Snake2,3,d5b72d7e-6326-4182-bc22-d67c2456e4da,Snake1,2,3,3,3,99,0,0.0164,0.0,0.0131
64529d4d-aa01-4d5f-bded-c8becb5ce4a1,Snake2,4,54433c56-c789-4b42-aaa2-b54855284eb3,Snake3,2,3,3,3,99,0,0.0164,0.0,0.0131
64529d4d-aa01-4d5f-bded-c8becb5ce4a1,Snake2,1,56d75f67-e4b5-438b-900d-8e47ba5ce928,Snake2,122,3,17,17,93,1,1.0,1.0,1.0
64529d4d-aa01-4d5f-bded-c8becb5ce4a1,Snake2,2,d5b72d7e-6326-4182-bc22-d67c2456e4da,Snake1,2,3,3,3,99,0,0.0164,0.0,0.0131
64529d4d-aa01-4d5f-bded-c8becb5ce4a1,Snake2,3,54433c56-c789-4b42-aaa2-b54855284eb3,Snake3,2,3,3,3,99,0,0.0164,0.0,0.0131
64529d4d-aa01-4d5f-bded-c8becb5ce4a1,Snake2,4,4df766ec-421c-4d64-844a-7ea1c352057e,Snake4,2,3,3,3,99,0,0.0164,0.0,0.0131
4953c2b4-fbcb-4eef-8875-a6955567bcd6,Snake1,1,6788d800-c260-486e-8deb-a241a4427f0e,Snake1,197,3,17,17,100,1,1.0,1.0,1.0
4953c2b4-fbcb-4eef-8875-a6955567bcd6,Snake1,2,0eab7d16-907f-4ac8-9f76-012229188da5,Snake2,195,3,15,15,96,0,0.9898,1.0,0.9919
4953c2b4-fbcb-4eef-8875-a6955567bcd6,Snake1,3,85c884e1-710e-4ea1-8ea8-e5d89e92679c,Snake3,4,3,3,3,97,0,0.0203,0.0,0.0162
4953c2b4-fbcb-4eef-8875-a6955567bcd6,Snake1,4,6ed2b958-4c39-40e3-9c0c-6666e7b9dace,Snake4,2,3,3,3,99,0,0.0102,0.0,0.0081
4953c2b4-fbcb-4eef-8875-a6955567bcd6,Snake1,1,6788d800-c260-486e-8deb-a241a4427f0e,Snake1,197,3,17,17,100,1,1.0,1.0,1.0
4953c2b4-fbcb-4eef-8875-a6955567bcd6,Snake1,2,0eab7d16-907f-4ac8-9f76-012229188da5,Snake2,195,3,15,15,96,0,0.9898,1.0,0.9919
4953c2b4-fbcb-4eef-8875-a6955567bcd6,Snake1,3,85c884e1-710e-4ea1-8ea8-e5d89e92679c,Snake3,4,3,3,3,97,0,0.0203,0.0,0.0162
4953c2b4-fbcb-4eef-8875-a6955567bcd6,Snake1,4,6ed2b958-4c39-40e3-9c0c-6666e7b9dace,Snake4,2,3,3,3,99,0,0.0102,0.0,0.0081
4953c2b4-fbcb-4eef-8875-a6955567bcd6,Snake1,1,6788d800-c260-486e-8deb-a241a4427f0e,Snake1,197,3,17,17,100,1,1.0,1.0,1.0
4953c2b4-fbcb-4eef-8875-a6955567bcd6,Snake1,2,85c884e1-710e-4ea1-8ea8-e5d89e92679c,Snake3,4,3,3,3,97,0,0.0203,0.0,0.0162
4953c2b4-fbcb-4eef-8875-a6955567bcd6,Snake1,3,0eab7d16-907f-4ac8-9f76-012229188da5,Snake2,4,3,3,3,83,0,0.0203,0.0,0.0162
4953c2b4-fbcb-4eef-8875-a6955567bcd6,Snake1,4,6ed2b958-4c39-40e3-9c0c-6666e7b9dace,Snake4,2,3,3,3,99,0,0.0102,0.0,0.0081
4953c2b4-fbcb-4eef-8875-a6955567bcd6,Snake1,1,6788d800-c260-486e-8deb-a241a4427f0e,Snake1,197,3,17,17,100,1,1.0,1.0,1.0
4953c2b4-fbcb-4eef-8875-a6955567bcd6,Snake1,2,0eab7d16-907f-4ac8-9f76-012229188da5,Snake2,2,3,3,3,99,0,0.0102,0.0,0.0081
4953c2b4-fbcb-4eef-8875-a6955567bcd6,Snake1,3,85c884e1-710e-4ea1-8ea8-e5d89e92679c,Snake3,2,3,3,3,99,0,0.0102,0.0,0.0081
4953c2b4-fbcb-4eef-8875-a6955567bcd6,Snake1,4,6ed2b958-4c39-40e3-9c0c-6666e7b9dace,Snake4,2,3,3,3,99,0,0.0102,0.0,0.0081
8c6f9a5d-bffa-4e19-9c84-cf3e5e5ba226,,1,7bf44878-122f-4b49-8f9b-082cc71d771c,Snake1,500,3,59,59,35,0,0.996,1.0,0.9968
83627644-9a0b-4ff9-ad52-c599c54d1ec4,Snake3,1,b9f0f3f0-e1e8-452a-b72a-c12ebcad4c3f,Snake3,150,3,16,16,94,1,1.0,1.0,1.0
83627644-9a0b-4ff9-ad52-c599c54d1ec4,Snake3,2,8068107f-be7e-4899-aba9-546b7b240b0b,Snake1,148,3,15,15,96,0,0.9867,1.0,0.9893
83627644-9a0b-4ff9-ad52-c599c54d1ec4,Snake3,3,450412a2-5ce0-44b1-ab22-318d5e8cb5a8,Snake4,120,3,10,10,55,0,0.8,1.0,0.84
83627644-9a0b-4ff9-ad52-c599c54d1ec4,Snake3,4,2d94a571-90be-46d7-9c7f-1d3e4db4bd7b,Snake2,53,3,5,5,56,0,0.3533,0.4,0.3627
83627644-9a0b-4ff9-ad52-c599c54d1ec4,Snake3,1,b9f0f3f0-e1e8-452a-b72a-c12ebcad4c3f,Snake3,150,3,16,16,94,1,1.0,1.0,1.0
83627644-9a0b-4ff9-ad52-c599c54d1ec4,Snake3,2,450412a2-5ce0-44b1-ab22-318d5e8cb5a8,Snake4,53,3,9,9,91,0,0.3533,1.0,0.4827
83627644-9a0b-4ff9-ad52-c599c54d1ec4,Snake3,3,8068107f-be7e-4899-aba9-546b7b240b0b,Snake1,53,3,8,8,81,0,0.3533,1.0,0.4827
83627644-9a0b-4ff9-ad52-c599c54d1ec4,Snake3,4,2d94a571-90be-46d7-9c7f-1d3e4db4bd7b,Snake2,53,3,5,5,56,0,0.3533,0.4,0.3627
83627644-9a0b-4ff9-ad52-c599c54d1ec4,Snake3,1,b9f0f3f0-e1e8-452a-b72a-c12ebcad4c3f,Snake3,150,3,16,16,94,1,1.0,1.0,1.0
83627644-9a0b-4ff9-ad52-c599c54d1ec4,Snake3,2,8068107f-be7e-4899-aba9-546b7b240b0b,Snake1,148,3,15,15,96,0,0.9867,1.0,0.9893
83627644-9a0b-4ff9-ad52-c599c54d1ec4,Snake3,3,450412a2-5ce0-44b1-ab22-318d5e8cb5a8,Snake4,120,3,10,10,55,0,0.8,1.0,0.84
83627644-9a0b-4ff9-ad52-c599c54d1ec4,Snake3,4,2d94a571-90be-46d7-9c7f-1d3e4db4bd7b,Snake2,53,3,5,5,56,0,0.3533,0.4,0.3627
83627644-9a0b-4ff9-ad52-c599c54d1ec4,Snake3,1,b9f0f3f0-e1e8-452a-b72a-c12ebcad4c3f,Snake3,150,3,16,16,94,1,1.0,1.0,1.0
83627644-9a0b-4ff9-ad52-c599c54d1ec4,Snake3,2,8068107f-be7e-4899-aba9-546b7b240b0b,Snake1,120,3,13,13,96,0,0.8,1.0,0.84
83627644-9a0b-4ff9-ad52-c599c54d1ec4,Snake3,3,450412a2-5ce0-44b1-ab22-318d5e8cb5a8,Snake4,120,3,10,10,55,0,0.8,1.0,0.84
83627644-9a0b-4ff9-ad52-c599c54d1ec4,Snake3,4,2d94a571-90be-46d7-9c7f-1d3e4db4bd7b,Snake2,53,3,5,5,56,0,0.3533,0.4,0.3627
b3f51671-910f-4f4a-a010-5880f2b8d618,Snake1,1,571e89ca-3815-46c2-8c7c-b08740f01293,Snake1,117,3,17,17,97,1,1.0,1.0,1.0
b3f51671-910f-4f4a-a010-5880f2b8d618,Snake1,2,2172cffd-91d3-434a-bfac-370321b4d705,Snake2,115,3,6,6,1,0,0.9829,0.6,0.9063
b3f51671-910f-4f4a-a010-5880f2b8d618,Snake1,3,6fbeaec3-c55c-4cb3-8884-17f387a65acb,Snake4,40,3,9,9,98,0,0.3419,1.0,0.4735
b3f51671-910f-4f4a-a010-5880f2b8d618,Snake1,4,3b875360-2388-4232-9174-3842af0fc8f5,Snake3,36,3,5,5,75,0,0.3077,0.4,0.3262
b3f51671-910f-4f4a-a010-5880f2b8d618,Snake1,1,571e89ca-3815-46c2-8c7c-b08740f01293,Snake1,117,3,17,17,97,1,1.0,1.0,1.0
b3f51671-910f-4f4a-a010-5880f2b8d618,Snake1,2,2172cffd-91d3-434a-bfac-370321b4d705,Snake2,115,3,6,6,1,0,0.9829,0.6,0.9063
b3f51671-910f-4f4a-a010-5880f2b8d618,Snake1,3,6fbeaec3-c55c-4cb3-8884-17f387a65acb,Snake4,40,3,9,9,98,0,0.3419,1.0,0.4735
b3f51671-910f-4f4a-a010-5880f2b8d618,Snake1,4,3b875360-2388-4232-9174-3842af0fc8f5,Snake3,36,3,5,5,75,0,0.3077,0.4,0.3262
b3f51671-910f-4f4a-a010-5880f2b8d618,Snake1,1,571e89ca-3815-46c2-8c7c-b08740f01293,Snake1,117,3,17,17,97,1,1.0,1.0,1.0
b3f51671-910f-4f4a-a010-5880f2b8d618,Snake1,2,6fbeaec3-c55c-4cb3-8884-17f387a65acb,Snake4,36,3,8,8,95,0,0.3077,1.0,0.4462
b3f51671-910f-4f4a-a010-5880f2b8d618,Snake1,3,2172cffd-91d3-434a-bfac-370321b4d705,Snake2,36,3,6,6,80,0,0.3077,0.6,0.3662
b3f51671-910f-4f4a-a010-5880f2b8d618,Snake1,4,3b875360-2388-4232-9174-3842af0fc8f5,Snake3,36,3,5,5,75,0,0.3077,0.4,0.3262
b3f51671-910f-4f4a-a010-5880f2b8d618,Snake1,1,571e89ca-3815-46c2-8c7c-b08740f01293,Snake1,117,3,17,17,97,1,1.0,1.0,1.0
b3f51671-910f-4f4a-a010-5880f2b8d618,Snake1,2,6fbeaec3-c55c-4cb3-8884-17f387a65acb,Snake4,40,3,9,9,98,0,0.3419,1.0,0.4735
b3f51671-910f-4f4a-a010-5880f2b8d618,Snake1,3,2172cffd-91d3-434a-bfac-370321b4d705,Snake2,40,3,6,6,76,0,0.3419,0.6,0.3935
b3f51671-910f-4f4a-a010-5880f2b8d618,Snake1,4,3b875360-2388-4232-9174-3842af0fc8f5,Snake3,36,3,5,5,75,0,0.3077,0.4,0.3262
3b7eb5e8-9d6d-4413-a957-ba34403c1c50,Snake1,1,b85bf8af-5551-4172-97ec-5e618d451380,Snake1,205,3,23,23,95,1,1.0,1.0,1.0
3b7eb5e8-9d6d-4413-a957-ba34403c1c50,Snake1,2,e593ddde-937f-446c-ac3e-fb2e9eccf695,Snake2,35,3,9,9,99,0,0.1707,1.0,0.3366
3b7eb5e8-9d6d-4413-a957-ba34403c1c50,Snake1,3,391e4fee-c96f-4e14-8476-492ab7615cbc,Snake3,35,3,7,7,88,0,0.1707,0.8,0.2966
3b7eb5e8-9d6d-4413-a957-ba34403c1c50,Snake1,4,8b1cd01f-7b2e-4b79-9d5d-2f867c4be915,Snake4,35,3,7,7,87,0,0.1707,0.8,0.2966
3b7eb5e8-9d6d-4413-a957-ba34403c1c50,Snake1,1,b85bf8af-5551-4172-97ec-5e618d451380,Snake1,205,3,23,23,95,1,1.0,1.0,1.0
3b7eb5e8-9d6d-4413-a957-ba34403c1c50,Snake1,2,e593ddde-937f-446c-ac3e-fb2e9eccf695,Snake2,44,3,10,10,98,0,0.2146,1.0,0.3717
3b7eb5e8-9d6d-4413-a957-ba34403c1c50,Snake1,3,8b1cd01f-7b2e-4b79-9d5d-2f867c4be915,Snake4,44,3,9,9,100,0,0.2146,1.0,0.3717
3b7eb5e8-9d6d-4413-a957-ba34403c1c50,Snake1,4,391e4fee-c96f-4e14-8476-492ab7615cbc,Snake3,35,3,7,7,88,0,0.1707,0.8,0.2966
3b7eb5e8-9d6d-4413-a957-ba34403c1c50,Snake1,1,b85bf8af-5551-4172-97ec-5e618d451380,Snake1,205,3,23,23,95,1,1.0,1.0,1.0
3b7eb5e8-9d6d-4413-a957-ba34403c1c50,Snake1,2,e593ddde-937f-446c-ac3e-fb2e9eccf695,Snake2,203,3,25,25,100,0,0.9902,1.0,0.9922
3b7eb5e8-9d6d-4413-a957-ba34403c1c50,Snake1,3,8b1cd01f-7b2e-4b79-9d5d-2f867c4be915,Snake4,44,3,9,9,100,0,0.2146,1.0,0.3717
3b7eb5e8-9d6d-4413-a957-ba34403c1c50,Snake1,4,391e4fee-c96f-4e14-8476-492ab7615cbc,Snake3,35,3,7,7,88,0,0.1707,0.8,0.2966
3b7eb5e8-9d6d-4413-a957-ba34403c1c50,Snake1,1,b85bf8af-5551-4172-97ec-5e618d451380,Snake1,205,3,23,23,95,1,1.0,1.0,1.0
3b7eb5e8-9d6d-4413-a957-ba34403c1c50,Snake1,2,e593ddde-937f-446c-ac3e-fb2e9eccf695,Snake2,203,3,25,25,100,0,0.9902,1.0,0.9922
3b7eb5e8-9d6d-4413-a957-ba34403c1c50,Snake1,3,8b1cd01f-7b2e-4b79-9d5d-2f867c4be915,Snake4,44,3,9,9,100,0,0.2146,1.0,0.3717
3b7eb5e8-9d6d-4413-a957-ba34403c1c50,Snake1,4,391e4fee-c96f-4e14-8476-492ab7615cbc,Snake3,35,3,7,7,88,0,0.1707,0.8,0.2966
b558bac5-4f0f-43d5-bff5-dca136bc65a1,Snake4,1,afd23d6b-2b3f-4207-8794-69c5ef3aca0b,Snake4,158,3,16,16,81,1,1.0,1.0,1.0
b558bac5-4f0f-43d5-bff5-dca136bc65a1,Snake4,2,3c654172-a32d-4478-85a1-eaac22045634,Snake1,33,3,8,8,90,0,0.2089,1.0,0.3671
b558bac5-4f0f-43d5-bff5-dca136bc65a1,Snake4,3,1fc57e5f-0726-4d8a-ad9f-a80ad1261516,Snake2,33,3,7,7,92,0,0.2089,0.8,0.3271
b558bac5-4f0f-43d5-bff5-dca136bc65a1,Snake4,4,b93477bf-84f3-406e-83aa-e4bf1bee3be7,Snake3,33,3,5,5,77,0,0.2089,0.4,0.2471
b558bac5-4f0f-43d5-bff5-dca136bc65a1,Snake4,1,afd23d6b-2b3f-4207-8794-69c5ef3aca0b,Snake4,158,3,16,16,81,1,1.0,1.0,1.0
b558bac5-4f0f-43d5-bff5-dca136bc65a1,Snake4,2,1fc57e5f-0726-4d8a-ad9f-a80ad1261516,Snake2,156,3,15,15,41,0,0.9873,1.0,0.9899
b558bac5-4f0f-43d5-bff5-dca136bc65a1,Snake4,3,3c654172-a32d-4478-85a1-eaac22045634,Snake1,77,3,8,8,18,0,0.4873,1.0,0.5899
b558bac5-4f0f-43d5-bff5-dca136bc65a1,Snake4,4,b93477bf-84f3-406e-83aa-e4bf1bee3be7,Snake3,33,3,5,5,77,0,0.2089,0.4,0.2471
b558bac5-4f0f-43d5-bff5-dca136bc65a1,Snake4,1,afd23d6b-2b3f-4207-8794-69c5ef3aca0b,Snake4,158,3,16,16,81,1,1.0,1.0,1.0
b558bac5-4f0f-43d5-bff5-dca136bc65a1,Snake4,2,1fc57e5f-0726-4d8a-ad9f-a80ad1261516,Snake2,77,3,10,10,94,0,0.4873,1.0,0.5899
b558bac5-4f0f-43d5-bff5-dca136bc65a1,Snake4,3,3c654172-a32d-4478-85a1-eaac22045634,Snake1,77,3,8,8,18,0,0.4873,1.0,0.5899
b558bac5-4f0f-43d5-bff5-dca136bc65a1,Snake4,4,b93477bf-84f3-406e-83aa-e4bf1bee3be7,Snake3,33,3,5,5,77,0,0.2089,0.4,0.2471
b558bac5-4f0f-43d5-bff5-dca136bc65a1,Snake4,1,afd23d6b-2b3f-4207-8794-69c5ef3aca0b,Snake4,158,3,16,16,81,1,1.0,1.0,1.0
b558bac5-4f0f-43d5-bff5-dca136bc65a1,Snake4,2,1fc57e5f-0726-4d8a-ad9f-a80ad1261516,Snake2,156,3,15,15,41,0,0.9873,1.0,0.9899
b558bac5-4f0f-43d5-bff5-dca136bc65a1,Snake4,3,3c654172-a32d-4478-85a1-eaac22045634,Snake1,77,3,8,8,18,0,0.4873,1.0,0.5899
b558bac5-4f0f-43d5-bff5-dca136bc65a1,Snake4,4,b93477bf-84f3-406e-83aa-e4bf1bee3be7,Snake3,33,3,5,5,77,0,0.2089,0.4,0.2471
0d4e7feb-c9f2-4648-8f14-f344902ccb8a,Snake1,1,94d45d21-12ff-4e3c-8bb9-dc93438c956c,Snake1,137,3,13,13,40,1,1.0,1.0,1.0
0d4e7feb-c9f2-4648-8f14-f344902ccb8a,Snake1,2,5e94c6d7-922f-409c-8a8c-be2c871bc279,Snake4,38,3,9,9,100,0,0.2774,1.0,0.4219
0d4e7feb-c9f2-4648-8f14-f344902ccb8a,Snake1,3,4e14b03c-249e-4944-bc97-0cc64e276102,Snake2,38,3,9,9,90,0,0.2774,1.0,0.4219
0d4e7feb-c9f2-4648-8f14-f344902ccb8a,Snake1,4,3b4bdc72-f611-4876-a482-1fc7303200cd,Snake3,38,3,8,8,100,0,0.2774,1.0,0.4219
0d4e7feb-c9f2-4648-8f14-f344902ccb8a,Snake1,1,94d45d21-12ff-4e3c-8bb9-dc93438c956c,Snake1,137,3,13,13,40,1,1.0,1.0,1.0
0d4e7feb-c9f2-4648-8f14-f344902ccb8a,Snake1,2,4e14b03c-249e-4944-bc97-0cc64e276102,Snake2,87,3,12,12,50,0,0.635,1.0,0.708
0d4e7feb-c9f2-4648-8f14-f344902ccb8a,Snake1,3,5e94c6d7-922f-409c-8a8c-be2c871bc279,Snake4,87,3,10,10,98,0,0.635,1.0,0.708
0d4e7feb-c9f2-4648-8f14-f344902ccb8a,Snake1,4,3b4bdc72-f611-4876-a482-1fc7303200cd,Snake3,38,3,8,8,100,0,0.2774,1.0,0.4219
0d4e7feb-c9f2-4648-8f14-f344902ccb8a,Snake1,1,94d45d21-12ff-4e3c-8bb9-dc93438c956c,Snake1,137,3,13,13,40,1,1.0,1.0,1.0
0d4e7feb-c9f2-4648-8f14-f344902ccb8a,Snake1,2,4e14b03c-249e-4944-bc97-0cc64e276102,Snake2,135,3,16,16,36,0,0.9854,1.0,0.9883
0d4e7feb-c9f2-4648-8f14-f344902ccb8a,Snake1,3,5e94c6d7-922f-409c-8a8c-be2c871bc279,Snake4,87,3,10,10,98,0,0.635,1.0,0.708
0d4e7feb-c9f2-4648-8f14-f344902ccb8a,Snake1,4,3b4bdc72-f611-4876-a482-1fc7303200cd,Snake3,38,3,8,8,100,0,0.2774,1.0,0.4219
0d4e7feb-c9f2-4648-8f14-f344902ccb8a,Snake1,1,94d45d21-12ff-4e3c-8bb9-dc93438c956c,Snake1,137,3,13,13,40,1,1.0,1.0,1.0
0d4e7feb-c9f2-4648-8f14-f344902ccb8a,Snake1,2,4e14b03c-249e-4944-bc97-0cc64e276102,Snake2,135,3,16,16,36,0,0.9854,1.0,0.9883
0d4e7feb-c9f2-4648-8f14-f344902ccb8a,Snake1,3,5e94c6d7-922f-409c-8a8c-be2c871bc279,Snake4,87,3,10,10,98,0,0.635,1.0,0.708
0d4e7feb-c9f2-4648-8f14-f344902ccb8a,Snake1,4,3b4bdc72-f611-4876-a482-1fc7303200cd,Snake3,38,3,8,8,100,0,0.2774,1.0,0.4219
1d7fbdc1-b108-4d06-99c4-d900cc089d9d,Snake4,1,76bb60ca-7481-4e6a-933b-1c811554bae3,Snake4,216,3,28,28,97,1,1.0,1.0,1.0
1d7fbdc1-b108-4d06-99c4-d900cc089d9d,Snake4,2,5b27ed49-1abe-490c-9398-1f19ae7e68c2,Snake1,214,3,22,22,89,0,0.9907,1.0,0.9926
1d7fbdc1-b108-4d06-99c4-d900cc089d9d,Snake4,3,16ac3ff4-a471-4e5c-9893-4edd0fdb5b59,Snake3,120,3,7,7,58,0,0.5556,0.8,0.6044
1d7fbdc1-b108-4d06-99c4-d900cc089d9d,Snake4,4,2d2dd33b-464f-42d1-9d96-d0e0a3ab0eb3,Snake2,18,3,5,5,91,0,0.0833,0.4,0.1467
1d7fbdc1-b108-4d06-99c4-d900cc089d9d,Snake4,1,76bb60ca-7481-4e6a-933b-1c811554bae3,Snake4,216,3,28,28,97,1,1.0,1.0,1.0
1d7fbdc1-b108-4d06-99c4-d900cc089d9d,Snake4,2,5b27ed49-1abe-490c-9398-1f19ae7e68c2,Snake1,18,3,7,7,97,0,0.0833,0.8,0.2267
1d7fbdc1-b108-4d06-99c4-d900cc089d9d,Snake4,3,16ac3ff4-a471-4e5c-9893-4edd0fdb5b59,Snake3,18,3,5,5,93,0,0.0833,0.4,0.1467
1d7fbdc1-b108-4d06-99c4-d900cc089d9d,Snake4,4,2d2dd33b-464f-42d1-9d96-d0e0a3ab0eb3,Snake2,18,3,5,5,91,0,0.0833,0.4,0.1467
1d7fbdc1-b108-4d06-99c4-d900cc089d9d,Snake4,1,76bb60ca-7481-4e6a-933b-1c811554bae3,Snake4,216,3,28,28,97,1,1.0,1.0,1.0
1d7fbdc1-b108-4d06-99c4-d900cc089d9d,Snake4,2,5b27ed49-1abe-490c-9398-1f19ae7e68c2,Snake1,120,3,12,12,99,0,0.5556,1.0,0.6444
1d7fbdc1-b108-4d06-99c4-d900cc089d9d,Snake4,3,16ac3ff4-a471-4e5c-9893-4edd0fdb5b59,Snake3,120,3,7,7,58,0,0.5556,0.8,0.6044
1d7fbdc1-b108-4d06-99c4-d900cc089d9d,Snake4,4,2d2dd33b-464f-42d1-9d96-d0e0a3ab0eb3,Snake2,18,3,5,5,91,0,0.0833,0.4,0.1467
1d7fbdc1-b108-4d06-99c4-d900cc089d9d,Snake4,1,76bb60ca-7481-4e6a-933b-1c811554bae3,Snake4,216,3,28,28,97,1,1.0,1.0,1.0
1d7fbdc1-b108-4d06-99c4-d900cc089d9d,Snake4,2,5b27ed49-1abe-490c-9398-1f19ae7e68c2,Snake1,214,3,22,22,89,0,0.9907,1.0,0.9926
1d7fbdc1-b108-4d06-99c4-d900cc089d9d,Snake4,3,16ac3ff4-a471-4e5c-9893-4edd0fdb5b59,Snake3,120,3,7,7,58,0,0.5556,0.8,0.6044
1d7fbdc1-b108-4d06-99c4-d900cc089d9d,Snake4,4,2d2dd33b-464f-42d1-9d96-d0e0a3ab0eb3,Snake2,18,3,5,5,91,0,0.0833,0.4,0.1467
d49fb226-b24f-4cfe-89ed-cb4333062241,Snake3,1,94ab3b15-e206-4451-9e74-72273b99c2e1,Snake3,178,3,17,17,93,1,1.0,1.0,1.0
d49fb226-b24f-4cfe-89ed-cb4333062241,Snake3,2,884292b2-32fa-4560-ad79-3c37392bbe6f,Snake1,176,3,15,15,90,0,0.9888,1.0,0.991
d49fb226-b24f-4cfe-89ed-cb4333062241,Snake3,3,43d773ac-8129-4368-adb9-45e4d35fd400,Snake4,33,3,10,10,97,0,0.1854,1.0,0.3483
d49fb226-b24f-4cfe-89ed-cb4333062241,Snake3,4,3c0f44f3-de23-4b4a-bf47-41d96516bcbc,Snake2,29,3,7,7,90,0,0.1629,0.8,0.2903
d49fb226-b24f-4cfe-89ed-cb4333062241,Snake3,1,94ab3b15-e206-4451-9e74-72273b99c2e1,Snake3,178,3,17,17,93,1,1.0,1.0,1.0
d49fb226-b24f-4cfe-89ed-cb4333062241,Snake3,2,43d773ac-8129-4368-adb9-45e4d35fd400,Snake4,29,3,9,9,99,0,0.1629,1.0,0.3303
d49fb226-b24f-4cfe-89ed-cb4333062241,Snake3,3,3c0f44f3-de23-4b4a-bf47-41d96516bcbc,Snake2,29,3,7,7,90,0,0.1629,0.8,0.2903
d49fb226-b24f-4cfe-89ed-cb4333062241,Snake3,4,884292b2-32fa-4560-ad79-3c37392bbe6f,Snake1,29,3,6,6,83,0,0.1629,0.6,0.2503
d49fb226-b24f-4cfe-89ed-cb4333062241,Snake3,1,94ab3b15-e206-4451-9e74-72273b99c2e1,Snake3,178,3,17,17,93,1,1.0,1.0,1.0
d49fb226-b24f-4cfe-89ed-cb4333062241,Snake3,2,884292b2-32fa-4560-ad79-3c37392bbe6f,Snake1,176,3,15,15,90,0,0.9888,1.0,0.991
d49fb226-b24f-4cfe-89ed-cb4333062241,Snake3,3,43d773ac-8129-4368-adb9-45e4d35fd400,Snake4,33,3,10,10,97,0,0.1854,1.0,0.3483
d49fb226-b24f-4cfe-89ed-cb4333062241,Snake3,4,3c0f44f3-de23-4b4a-bf47-41d96516bcbc,Snake2,29,3,7,7,90,0,0.1629,0.8,0.2903
d49fb226-b24f-4cfe-89ed-cb4333062241,Snake3,1,94ab3b15-e206-4451-9e74-72273b99c2e1,Snake3,178,3,17,17,93,1,1.0,1.0,1.0
d49fb226-b24f-4cfe-89ed-cb4333062241,Snake3,2,43d773ac-8129-4368-adb9-45e4d35fd400,Snake4,33,3,10,10,97,0,0.1854,1.0,0.3483
d49fb226-b24f-4cfe-89ed-cb4333062241,Snake3,3,884292b2-32fa-4560-ad79-3c37392bbe6f,Snake1,33,3,6,6,79,0,0.1854,0.6,0.2683
d49fb226-b24f-4cfe-89ed-cb4333062241,Snake3,4,3c0f44f3-de23-4b4a-bf47-41d96516bcbc,Snake2,29,3,7,7,90,0,0.1629,0.8,0.2903
89f0d5cb-6690-4295-94a8-a1b13c12e9c8,Snake1,1,b0a97e1a-e57b-4a3c-849c-2b9264da3d12,Snake1,112,3,10,10,79,1,1.0,1.0,1.0
89f0d5cb-6690-4295-94a8-a1b13c12e9c8,Snake1,2,92e5c2c2-966e-4845-ba43-839f69ea08d9,Snake2,110,3,7,7,70,0,0.9821,0.8,0.9457
89f0d5cb-6690-4295-94a8-a1b13c12e9c8,Snake1,3,0155d1e7-7d5a-4abf-8a38-a56d1cd7671b,Snake3,102,3,9,9,84,0,0.9107,1.0,0.9286
89f0d5cb-6690-4295-94a8-a1b13c12e9c8,Snake1,4,d85838ae-55df-40b9-853f-e0e44b053a95,Snake4,87,3,15,15,1,0,0.7768,1.0,0.8214
89f0d5cb-6690-4295-94a8-a1b13c12e9c8,Snake1,1,b0a97e1a-e57b-4a3c-849c-2b9264da3d12,Snake1,112,3,10,10,79,1,1.0,1.0,1.0
89f0d5cb-6690-4295-94a8-a1b13c12e9c8,Snake1,2,92e5c2c2-966e-4845-ba43-839f69ea08d9,Snake2,110,3,7,7,70,0,0.9821,0.8,0.9457
89f0d5cb-6690-4295-94a8-a1b13c12e9c8,Snake1,3,0155d1e7-7d5a-4abf-8a38-a56d1cd7671b,Snake3,102,3,9,9,84,0,0.9107,1.0,0.9286
89f0d5cb-6690-4295-94a8-a1b13c12e9c8,Snake1,4,d85838ae-55df-40b9-853f-e0e44b053a95,Snake4,87,3,15,15,1,0,0.7768,1.0,0.8214
89f0d5cb-6690-4295-94a8-a1b13c12e9c8,Snake1,1,b0a97e1a-e57b-4a3c-849c-2b9264da3d12,Snake1,112,3,10,10,79,1,1.0,1.0,1.0
89f0d5cb-6690-4295-94a8-a1b13c12e9c8,Snake1,2,0155d1e7-7d5a-4abf-8a38-a56d1cd7671b,Snake3,102,3,9,9,84,0,0.9107,1.0,0.9286
89f0d5cb-6690-4295-94a8-a1b13c12e9c8,Snake1,3,92e5c2c2-966e-4845-ba43-839f69ea08d9,Snake2,102,3,7,7,78,0,0.9107,0.8,0.8886
89f0d5cb-6690-4295-94a8-a1b13c12e9c8,Snake1,4,d85838ae-55df-40b9-853f-e0e44b053a95,Snake4,87,3,15,15,1,0,0.7768,1.0,0.8214
89f0d5cb-6690-4295-94a8-a1b13c12e9c8,Snake1,1,b0a97e1a-e57b-4a3c-849c-2b9264da3d12,Snake1,112,3,10,10,79,1,1.0,1.0,1.0
89f0d5cb-6690-4295-94a8-a1b13c12e9c8,Snake1,2,d85838ae-55df-40b9-853f-e0e44b053a95,Snake4,87,3,15,15,1,0,0.7768,1.0,0.8214
89f0d5cb-6690-4295-94a8-a1b13c12e9c8,Snake1,3,0155d1e7-7d5a-4abf-8a38-a56d1cd7671b,Snake3,87,3,9,9,99,0,0.7768,1.0,0.8214
89f0d5cb-6690-4295-94a8-a1b13c12e9c8,Snake1,4,92e5c2c2-966e-4845-ba43-839f69ea08d9,Snake2,87,3,7,7,93,0,0.7768,0.8,0.7814
fd82a6f5-e403-4131-b59d-e10e9e5b1a02,Snake3,1,6b0b5f39-8c43-4119-bf01-55c702f926c9,Snake3,112,3,12,12,81,1,1.0,1.0,1.0
fd82a6f5-e403-4131-b59d-e10e9e5b1a02,Snake3,2,526700d3-6d22-4efd-b4b7-3a306fc01f45,Snake2,110,3,10,10,98,0,0.9821,1.0,0.9857
fd82a6f5-e403-4131-b59d-e10e9e5b1a02,Snake3,3,3276a93c-d405-4802-adf5-76558a3d9540,Snake4,42,3,8,8,98,0,0.375,1.0,0.5
fd82a6f5-e403-4131-b59d-e10e9e5b1a02,Snake3,4,0d98574a-67df-4462-b174-d9bb13c8e416,Snake1,38,3,5,5,60,0,0.3393,0.4,0.3514
fd82a6f5-e403-4131-b59d-e10e9e5b1a02,Snake3,1,6b0b5f39-8c43-4119-bf01-55c702f926c9,Snake3,112,3,12,12,81,1,1.0,1.0,1.0
fd82a6f5-e403-4131-b59d-e10e9e5b1a02,Snake3,2,3276a93c-d405-4802-adf5-76558a3d9540,Snake4,42,3,8,8,98,0,0.375,1.0,0.5
fd82a6f5-e403-4131-b59d-e10e9e5b1a02,Snake3,3,526700d3-6d22-4efd-b4b7-3a306fc01f45,Snake2,42,3,7,7,84,0,0.375,0.8,0.46
fd82a6f5-e403-4131-b59d-e10e9e5b1a02,Snake3,4,0d98574a-67df-4462-b174-d9bb13c8e416,Snake1,38,3,5,5,60,0,0.3393,0.4,0.3514
fd82a6f5-e403-4131-b59d-e10e9e5b1a02,Snake3,1,6b0b5f39-8c43-4119-bf01-55c702f926c9,Snake3,112,3,12,12,81,1,1.0,1.0,1.0
fd82a6f5-e403-4131-b59d-e10e9e5b1a02,Snake3,2,526700d3-6d22-4efd-b4b7-3a306fc01f45,Snake2,38,3,7,7,88,0,0.3393,0.8,0.4314
fd82a6f5-e403-4131-b59d-e10e9e5b1a02,Snake3,3,3276a93c-d405-4802-adf5-76558a3d9540,Snake4,38,3,7,7,83,0,0.3393,0.8,0.4314
fd82a6f5-e403-4131-b59d-e10e9e5b1a02,Snake3,4,0d98574a-67df-4462-b174-d9bb13c8e416,Snake1,38,3,5,5,60,0,0.3393,0.4,0.3514
fd82a6f5-e403-4131-b59d-e10e9e5b1a02,Snake3,1,6b0b5f39-8c43-4119-bf01-55c702f926c9,Snake3,112,3,12,12,81,1,1.0,1.0,1.0
fd82a6f5-e403-4131-b59d-e10e9e5b1a02,Snake3,2,526700d3-6d22-4efd-b4b7-3a306fc01f45,Snake2,110,3,10,10,98,0,0.9821,1.0,0.9857
fd82a6f5-e403-4131-b59d-e10e9e5b1a02,Snake3,3,3276a93c-d405-4802-adf5-76558a3d9540,Snake4,42,3,8,8,98,0,0.375,1.0,0.5
fd82a6f5-e403-4131-b59d-e10e9e5b1a02,Snake3,4,0d98574a-67df-4462-b174-d9bb13c8e416,Snake1,38,3,5,5,60,0,0.3393,0.4,0.3514
b8c4d90d-eb8c-4bb9-beef-2d35e085c6a6,Snake2,1,5d51c2a4-0dec-4c68-87fe-4ef8c0c65429,Snake2,19,3,4,4,87,1,1.0,0.2,0.84
b8c4d90d-eb8c-4bb9-beef-2d35e085c6a6,Snake2,2,13cb277c-c7f4-49fc-8745-9c4a2d8f0a0a,Snake1,10,3,3,3,91,0,0.5263,0.0,0.4211
b8c4d90d-eb8c-4bb9-beef-2d35e085c6a6,Snake2,3,57202eab-81cb-4c16-a587-4c66205d8f06,Snake3,10,3,3,3,91,0,0.5263,0.0,0.4211
b8c4d90d-eb8c-4bb9-beef-2d35e085c6a6,Snake2,4,04ee7429-d35d-449e-850a-7b643b9f8516,Snake4,3,3,3,3,98,0,0.1579,0.0,0.1263
b8c4d90d-eb8c-4bb9-beef-2d35e085c6a6,Snake2,1,5d51c2a4-0dec-4c68-87fe-4ef8c0c65429,Snake2,19,3,4,4,87,1,1.0,0.2,0.84
b8c4d90d-eb8c-4bb9-beef-2d35e085c6a6,Snake2,2,57202eab-81cb-4c16-a587-4c66205d8f06,Snake3,17,3,3,3,84,0,0.8947,0.0,0.7158
b8c4d90d-eb8c-4bb9-beef-2d35e085c6a6,Snake2,3,13cb277c-c7f4-49fc-8745-9c4a2d8f0a0a,Snake1,10,3,3,3,91,0,0.5263,0.0,0.4211
b8c4d90d-eb8c-4bb9-beef-2d35e085c6a6,Snake2,4,04ee7429-d35d-449e-850a-7b643b9f8516,Snake4,3,3,3,3,98,0,0.1579,0.0,0.1263
b8c4d90d-eb8c-4bb9-beef-2d35e085c6a6,Snake2,1,5d51c2a4-0dec-4c68-87fe-4ef8c0c65429,Snake2,19,3,4,4,87,1,1.0,0.2,0.84
b8c4d90d-eb8c-4bb9-beef-2d35e085c6a6,Snake2,2,57202eab-81cb-4c16-a587-4c66205d8f06,Snake3,17,3,3,3,84,0,0.8947,0.0,0.7158
b8c4d90d-eb8c-4bb9-beef-2d35e085c6a6,Snake2,3,13cb277c-c7f4-49fc-8745-9c4a2d8f0a0a,Snake1,10,3,3,3,91,0,0.5263,0.0,0.4211
b8c4d90d-eb8c-4bb9-beef-2d35e085c6a6,Snake2,4,04ee7429-d35d-449e-850a-7b643b9f8516,Snake4,3,3,3,3,98,0,0.1579,0.0,0.1263
b8c4d90d-eb8c-4bb9-beef-2d35e085c6a6,Snake2,1,5d51c2a4-0dec-4c68-87fe-4ef8c0c65429,Snake2,19,3,4,4,87,1,1.0,0.2,0.84
b8c4d90d-eb8c-4bb9-beef-2d35e085c6a6,Snake2,2,13cb277c-c7f4-49fc-8745-9c4a2d8f0a0a,Snake1,3,3,3,3,98,0,0.1579,0.0,0.1263
b8c4d90d-eb8c-4bb9-beef-2d35e085c6a6,Snake2,3,57202eab-81cb-4c16-a587-4c66205d8f06,Snake3,3,3,3,3,98,0,0.1579,0.0,0.1263
b8c4d90d-eb8c-4bb9-beef-2d35e085c6a6,Snake2,4,04ee7429-d35d-449e-850a-7b643b9f8516,Snake4,3,3,3,3,98,0,0.1579,0.0,0.1263
59ab8a41-4d2d-48e3-81a3-7af81ffb83b1,Snake3,1,f1827bcf-3b32-4d6b-8a7a-dee9f8f800cd,Snake3,12,3,3,3,90,1,1.0,0.0,0.8
59ab8a41-4d2d-48e3-81a3-7af81ffb83b1,Snake3,2,3921a053-072d-4d59-b49b-624ee01924a3,Snake1,10,3,3,3,91,0,0.8333,0.0,0.6667
59ab8a41-4d2d-48e3-81a3-7af81ffb83b1,Snake3,3,6b25a0eb-5db8-4c82-bbc9-3e9ff868822e,Snake4,7,3,4,4,100,0,0.5833,0.2,0.5067
59ab8a41-4d2d-48e3-81a3-7af81ffb83b1,Snake3,4,d5fb208b-a8be-4b7e-bb1b-9ca881f0356f,Snake2,3,3,3,3,98,0,0.25,0.0,0.2
59ab8a41-4d2d-48e3-81a3-7af81ffb83b1,Snake3,1,f1827bcf-3b32-4d6b-8a7a-dee9f8f800cd,Snake3,12,3,3,3,90,1,1.0,0.0,0.8
59ab8a41-4d2d-48e3-81a3-7af81ffb83b1,Snake3,2,6b25a0eb-5db8-4c82-bbc9-3e9ff868822e,Snake4,7,3,4,4,100,0,0.5833,0.2,0.5067
59ab8a41-4d2d-48e3-81a3-7af81ffb83b1,Snake3,3,3921a053-072d-4d59-b49b-624ee01924a3,Snake1,7,3,3,3,94,0,0.5833,0.0,0.4667
59ab8a41-4d2d-48e3-81a3-7af81ffb83b1,Snake3,4,d5fb208b-a8be-4b7e-bb1b-9ca881f0356f,Snake2,3,3,3,3,98,0,0.25,0.0,0.2
59ab8a41-4d2d-48e3-81a3-7af81ffb83b1,Snake3,1,f1827bcf-3b32-4d6b-8a7a-dee9f8f800cd,Snake3,12,3,3,3,90,1,1.0,0.0,0.8
59ab8a41-4d2d-48e3-81a3-7af81ffb83b1,Snake3,2,3921a053-072d-4d59-b49b-624ee01924a3,Snake1,10,3,3,3,91,0,0.8333,0.0,0.6667
59ab8a41-4d2d-48e3-81a3-7af81ffb83b1,Snake3,3,6b25a0eb-5db8-4c82-bbc9-3e9ff868822e,Snake4,7,3,4,4,100,0,0.5833,0.2,0.5067
59ab8a41-4d2d-48e3-81a3-7af81ffb83b1,Snake3,4,d5fb208b-a8be-4b7e-bb1b-9ca881f0356f,Snake2,3,3,3,3,98,0,0.25,0.0,0.2
59ab8a41-4d2d-48e3-81a3-7af81ffb83b1,Snake3,1,f1827bcf-3b32-4d6b-8a7a-dee9f8f800cd,Snake3,12,3,3,3,90,1,1.0,0.0,0.8
59ab8a41-4d2d-48e3-81a3-7af81ffb83b1,Snake3,2,3921a053-072d-4d59-b49b-624ee01924a3,Snake1,3,3,3,3,98,0,0.25,0.0,0.2
59ab8a41-4d2d-48e3-81a3-7af81ffb83b1,Snake3,3,d5fb208b-a8be-4b7e-bb1b-9ca881f0356f,Snake2,3,3,3,3,98,0,0.25,0.0,0.2
59ab8a41-4d2d-48e3-81a3-7af81ffb83b1,Snake3,4,6b25a0eb-5db8-4c82-bbc9-3e9ff868822e,Snake4,3,3,3,3,98,0,0.25,0.0,0.2
46eaa378-a38f-4e37-ab3f-c0b30f414641,Snake2,1,125d3c75-d7d5-4283-8060-df6b54890e2a,Snake2,15,3,3,3,87,1,1.0,0.0,0.8
46eaa378-a38f-4e37-ab3f-c0b30f414641,Snake2,2,2abc1d8a-6a95-4a28-8fab-de1d3357e776,Snake3,11,3,4,4,92,0,0.7333,0.2,0.6267
46eaa378-a38f-4e37-ab3f-c0b30f414641,Snake2,3,1f6546e9-75d0-45f7-9130-e6c408a678b7,Snake1,11,3,3,3,90,0,0.7333,0.0,0.5867
46eaa378-a38f-4e37-ab3f-c0b30f414641,Snake2,4,1aa41a2d-13db-404d-b12a-d83dbff95c94,Snake4,6,3,3,3,95,0,0.4,0.0,0.32
46eaa378-a38f-4e37-ab3f-c0b30f414641,Snake2,1,125d3c75-d7d5-4283-8060-df6b54890e2a,Snake2,15,3,3,3,87,1,1.0,0.0,0.8
46eaa378-a38f-4e37-ab3f-c0b30f414641,Snake2,2,2abc1d8a-6a95-4a28-8fab-de1d3357e776,Snake3,13,3,5,5,100,0,0.8667,0.4,0.7733
46eaa378-a38f-4e37-ab3f-c0b30f414641,Snake2,3,1f6546e9-75d0-45f7-9130-e6c408a678b7,Snake1,11,3,3,3,90,0,0.7333,0.0,0.5867
46eaa378-a38f-4e37-ab3f-c0b30f414641,Snake2,4,1aa41a2d-13db-404d-b12a-d83dbff95c94,Snake4,6,3,3,3,95,0,0.4,0.0,0.32
46eaa378-a38f-4e37-ab3f-c0b30f414641,Snake2,1,125d3c75-d7d5-4283-8060-df6b54890e2a,Snake2,15,3,3,3,87,1,1.0,0.0,0.8
46eaa378-a38f-4e37-ab3f-c0b30f414641,Snake2,2,2abc1d8a-6a95-4a28-8fab-de1d3357e776,Snake3,13,3,5,5,100,0,0.8667,0.4,0.7733
46eaa378-a38f-4e37-ab3f-c0b30f414641,Snake2,3,1f6546e9-75d0-45f7-9130-e6c408a678b7,Snake1,11,3,3,3,90,0,0.7333,0.0,0.5867
46eaa378-a38f-4e37-ab3f-c0b30f414641,Snake2,4,1aa41a2d-13db-404d-b12a-d83dbff95c94,Snake4,6,3,3,3,95,0,0.4,0.0,0.32
46eaa378-a38f-4e37-ab3f-c0b30f414641,Snake2,1,125d3c75-d7d5-4283-8060-df6b54890e2a,Snake2,15,3,3,3,87,1,1.0,0.0,0.8
46eaa378-a38f-4e37-ab3f-c0b30f414641,Snake2,2,2abc1d8a-6a95-4a28-8fab-de1d3357e776,Snake3,6,3,4,4,97,0,0.4,0.2,0.36
46eaa378-a38f-4e37-ab3f-c0b30f414641,Snake2,3,1f6546e9-75d0-45f7-9130-e6c408a678b7,Snake1,6,3,3,3,95,0,0.4,0.0,0.32
46eaa378-a38f-4e37-ab3f-c0b30f414641,Snake2,4,1aa41a2d-13db-404d-b12a-d83dbff95c94,Snake4,6,3,3,3,95,0,0.4,0.0,0.32
895faab4-def2-411f-8024-5adf3d6ac3f9,,1,53c81703-e8dd-45f3-a20d-3e17b1908711,Snake1,2,3,3,3,99,0,0.1429,0.0,0.1143
895faab4-def2-411f-8024-5adf3d6ac3f9,,2,d7d7667a-a9e6-4eb5-82fa-eb681dbb6a8b,Snake2,2,3,3,3,99,0,0.1429,0.0,0.1143
895faab4-def2-411f-8024-5adf3d6ac3f9,,3,fb599810-a384-4eae-a657-733063fb64c9,Snake3,2,3,3,3,99,0,0.1429,0.0,0.1143
895faab4-def2-411f-8024-5adf3d6ac3f9,,4,527cc4fc-4b01-4491-9136-3f83b9d45b5f,Snake4,2,3,3,3,99,0,0.1429,0.0,0.1143
895faab4-def2-411f-8024-5adf3d6ac3f9,,1,53c81703-e8dd-45f3-a20d-3e17b1908711,Snake1,12,3,4,4,91,0,0.8571,0.2,0.7257
895faab4-def2-411f-8024-5adf3d6ac3f9,,2,d7d7667a-a9e6-4eb5-82fa-eb681dbb6a8b,Snake2,12,3,3,3,89,0,0.8571,0.0,0.6857
895faab4-def2-411f-8024-5adf3d6ac3f9,,3,fb599810-a384-4eae-a657-733063fb64c9,Snake3,2,3,3,3,99,0,0.1429,0.0,0.1143
895faab4-def2-411f-8024-5adf3d6ac3f9,,4,527cc4fc-4b01-4491-9136-3f83b9d45b5f,Snake4,2,3,3,3,99,0,0.1429,0.0,0.1143
895faab4-def2-411f-8024-5adf3d6ac3f9,,1,53c81703-e8dd-45f3-a20d-3e17b1908711,Snake1,12,3,4,4,91,0,0.8571,0.2,0.7257
895faab4-def2-411f-8024-5adf3d6ac3f9,,2,d7d7667a-a9e6-4eb5-82fa-eb681dbb6a8b,Snake2,12,3,3,3,89,0,0.8571,0.0,0.6857
895faab4-def2-411f-8024-5adf3d6ac3f9,,3,fb599810-a384-4eae-a657-733063fb64c9,Snake3,2,3,3,3,99,0,0.1429,0.0,0.1143
895faab4-def2-411f-8024-5adf3d6ac3f9,,4,527cc4fc-4b01-4491-9136-3f83b9d45b5f,Snake4,2,3,3,3,99,0,0.1429,0.0,0.1143
895faab4-def2-411f-8024-5adf3d6ac3f9,,1,53c81703-e8dd-45f3-a20d-3e17b1908711,Snake1,2,3,3,3,99,0,0.1429,0.0,0.1143
895faab4-def2-411f-8024-5adf3d6ac3f9,,2,d7d7667a-a9e6-4eb5-82fa-eb681dbb6a8b,Snake2,2,3,3,3,99,0,0.1429,0.0,0.1143
895faab4-def2-411f-8024-5adf3d6ac3f9,,3,fb599810-a384-4eae-a657-733063fb64c9,Snake3,2,3,3,3,99,0,0.1429,0.0,0.1143
895faab4-def2-411f-8024-5adf3d6ac3f9,,4,527cc4fc-4b01-4491-9136-3f83b9d45b5f,Snake4,2,3,3,3,99,0,0.1429,0.0,0.1143
506ad079-0fc0-4811-b44b-8496b3df7741,Snake4,1,41f2cab2-e5a7-4869-b43a-19c438e8a269,Snake4,18,3,3,3,84,1,1.0,0.0,0.8
506ad079-0fc0-4811-b44b-8496b3df7741,Snake4,2,ac08875c-8bd8-4093-8f65-043eedabaf58,Snake1,3,3,3,3,98,0,0.1667,0.0,0.1333
506ad079-0fc0-4811-b44b-8496b3df7741,Snake4,3,2bc41667-ecf2-415c-b98f-e5fa70c9e44e,Snake2,3,3,3,3,98,0,0.1667,0.0,0.1333
506ad079-0fc0-4811-b44b-8496b3df7741,Snake4,4,459bd511-9cf2-4c3c-95dc-d0bb80397455,Snake3,3,3,3,3,98,0,0.1667,0.0,0.1333
506ad079-0fc0-4811-b44b-8496b3df7741,Snake4,1,41f2cab2-e5a7-4869-b43a-19c438e8a269,Snake4,18,3,3,3,84,1,1.0,0.0,0.8
506ad079-0fc0-4811-b44b-8496b3df7741,Snake4,2,2bc41667-ecf2-415c-b98f-e5fa70c9e44e,Snake2,4,3,3,3,97,0,0.2222,0.0,0.1778
506ad079-0fc0-4811-b44b-8496b3df7741,Snake4,3,459bd511-9cf2-4c3c-95dc-d0bb80397455,Snake3,4,3,3,3,97,0,0.2222,0.0,0.1778
506ad079-0fc0-4811-b44b-8496b3df7741,Snake4,4,ac08875c-8bd8-4093-8f65-043eedabaf58,Snake1,3,3,3,3,98,0,0.1667,0.0,0.1333
506ad079-0fc0-4811-b44b-8496b3df7741,Snake4,1,41f2cab2-e5a7-4869-b43a-19c438e8a269,Snake4,18,3,3,3,84,1,1.0,0.0,0.8
506ad079-0fc0-4811-b44b-8496b3df7741,Snake4,2,459bd511-9cf2-4c3c-95dc-d0bb80397455,Snake3,16,3,3,3,85,0,0.8889,0.0,0.7111
506ad079-0fc0-4811-b44b-8496b3df7741,Snake4,3,2bc41667-ecf2-415c-b98f-e5fa70c9e44e,Snake2,4,3,3,3,97,0,0.2222,0.0,0.1778
506ad079-0fc0-4811-b44b-8496b3df7741,Snake4,4,ac08875c-8bd8-4093-8f65-043eedabaf58,Snake1,3,3,3,3,98,0,0.1667,0.0,0.1333
506ad079-0fc0-4811-b44b-8496b3df7741,Snake4,1,41f2cab2-e5a7-4869-b43a-19c438e8a269,Snake4,18,3,3,3,84,1,1.0,0.0,0.8
506ad079-0fc0-4811-b44b-8496b3df7741,Snake4,2,459bd511-9cf2-4c3c-95dc-d0bb80397455,Snake3,16,3,3,3,85,0,0.8889,0.0,0.7111
506ad079-0fc0-4811-b44b-8496b3df7741,Snake4,3,2bc41667-ecf2-415c-b98f-e5fa70c9e44e,Snake2,4,3,3,3,97,0,0.2222,0.0,0.1778
506ad079-0fc0-4811-b44b-8496b3df7741,Snake4,4,ac08875c-8bd8-4093-8f65-043eedabaf58,Snake1,3,3,3,3,98,0,0.1667,0.0,0.1333
7ff1ba29-a03c-4cdd-b85d-9f245d81fe76,,1,b6b636e0-dd5e-4eae-a823-4f7f6295b5c3,Snake1,5,3,3,3,96,0,0.7143,0.0,0.5714
7ff1ba29-a03c-4cdd-b85d-9f245d81fe76,,2,bf3dc528-1dba-45f6-9b85-259beeb9ba31,Snake2,5,3,3,3,96,0,0.7143,0.0,0.5714
7ff1ba29-a03c-4cdd-b85d-9f245d81fe76,,3,de6b6238-b096-47ce-9918-ac8be805cfcf,Snake4,4,3,4,4,99,0,0.5714,0.2,0.4971
7ff1ba29-a03c-4cdd-b85d-9f245d81fe76,,4,5385ceb6-a2bc-4bff-87d7-570b9995194d,Snake3,3,3,4,4,100,0,0.4286,0.2,0.3829
7ff1ba29-a03c-4cdd-b85d-9f245d81fe76,,1,b6b636e0-dd5e-4eae-a823-4f7f6295b5c3,Snake1,5,3,3,3,96,0,0.7143,0.0,0.5714
7ff1ba29-a03c-4cdd-b85d-9f245d81fe76,,2,bf3dc528-1dba-45f6-9b85-259beeb9ba31,Snake2,5,3,3,3,96,0,0.7143,0.0,0.5714
7ff1ba29-a03c-4cdd-b85d-9f245d81fe76,,3,de6b6238-b096-47ce-9918-ac8be805cfcf,Snake4,4,3,4,4,99,0,0.5714,0.2,0.4971
7ff1ba29-a03c-4cdd-b85d-9f245d81fe76,,4,5385ceb6-a2bc-4bff-87d7-570b9995194d,Snake3,3,3,4,4,100,0,0.4286,0.2,0.3829
7ff1ba29-a03c-4cdd-b85d-9f245d81fe76,,1,5385ceb6-a2bc-4bff-87d7-570b9995194d,Snake3,3,3,4,4,100,0,0.4286,0.2,0.3829
7ff1ba29-a03c-4cdd-b85d-9f245d81fe76,,2,de6b6238-b096-47ce-9918-ac8be805cfcf,Snake4,3,3,4,4,100,0,0.4286,0.2,0.3829
7ff1ba29-a03c-4cdd-b85d-9f245d81fe76,,3,b6b636e0-dd5e-4eae-a823-4f7f6295b5c3,Snake1,3,3,3,3,98,0,0.4286,0.0,0.3429
7ff1ba29-a03c-4cdd-b85d-9f245d81fe76,,4,bf3dc528-1dba-45f6-9b85-259beeb9ba31,Snake2,3,3,3,3,98,0,0.4286,0.0,0.3429
7ff1ba29-a03c-4cdd-b85d-9f245d81fe76,,1,de6b6238-b096-47ce-9918-ac8be805cfcf,Snake4,4,3,4,4,99,0,0.5714,0.2,0.4971
7ff1ba29-a03c-4cdd-b85d-9f245d81fe76,,2,b6b636e0-dd5e-4eae-a823-4f7f6295b5c3,Snake1,4,3,3,3,97,0,0.5714,0.0,0.4571
7ff1ba29-a03c-4cdd-b85d-9f245d81fe76,,3,bf3dc528-1dba-45f6-9b85-259beeb9ba31,Snake2,4,3,3,3,97,0,0.5714,0.0,0.4571
7ff1ba29-a03c-4cdd-b85d-9f245d81fe76,,4,5385ceb6-a2bc-4bff-87d7-570b9995194d,Snake3,3,3,4,4,100,0,0.4286,0.2,0.3829
bd039a66-9995-46f9-83da-8321da5c6e7c,Snake1,1,3060eb63-a584-42a9-a383-19ab78e61c57,Snake1,19,3,3,3,83,1,1.0,0.0,0.8
bd039a66-9995-46f9-83da-8321da5c6e7c,Snake1,2,a75c1e55-0757-4715-9413-25a389349c85,Snake2,2,3,3,3,99,0,0.1053,0.0,0.0842
bd039a66-9995-46f9-83da-8321da5c6e7c,Snake1,3,398ec9e3-35bd-457b-9076-87416b7e7281,Snake3,2,3,3,3,99,0,0.1053,0.0,0.0842
bd039a66-9995-46f9-83da-8321da5c6e7c,Snake1,4,bab25564-0f89-4747-ac28-5c273315b33a,Snake4,2,3,3,3,99,0,0.1053,0.0,0.0842
bd039a66-9995-46f9-83da-8321da5c6e7c,Snake1,1,3060eb63-a584-42a9-a383-19ab78e61c57,Snake1,19,3,3,3,83,1,1.0,0.0,0.8
bd039a66-9995-46f9-83da-8321da5c6e7c,Snake1,2,a75c1e55-0757-4715-9413-25a389349c85,Snake2,7,3,3,3,94,0,0.3684,0.0,0.2947
bd039a66-9995-46f9-83da-8321da5c6e7c,Snake1,3,bab25564-0f89-4747-ac28-5c273315b33a,Snake4,7,3,3,3,94,0,0.3684,0.0,0.2947
bd039a66-9995-46f9-83da-8321da5c6e7c,Snake1,4,398ec9e3-35bd-457b-9076-87416b7e7281,Snake3,2,3,3,3,99,0,0.1053,0.0,0.0842
bd039a66-9995-46f9-83da-8321da5c6e7c,Snake1,1,3060eb63-a584-42a9-a383-19ab78e61c57,Snake1,19,3,3,3,83,1,1.0,0.0,0.8
bd039a66-9995-46f9-83da-8321da5c6e7c,Snake1,2,a75c1e55-0757-4715-9413-25a389349c85,Snake2,17,3,3,3,84,0,0.8947,0.0,0.7158
bd039a66-9995-46f9-83da-8321da5c6e7c,Snake1,3,bab25564-0f89-4747-ac28-5c273315b33a,Snake4,7,3,3,3,94,0,0.3684,0.0,0.2947
bd039a66-9995-46f9-83da-8321da5c6e7c,Snake1,4,398ec9e3-35bd-457b-9076-87416b7e7281,Snake3,2,3,3,3,99,0,0.1053,0.0,0.0842
bd039a66-9995-46f9-83da-8321da5c6e7c,Snake1,1,3060eb63-a584-42a9-a383-19ab78e61c57,Snake1,19,3,3,3,83,1,1.0,0.0,0.8
bd039a66-9995-46f9-83da-8321da5c6e7c,Snake1,2,a75c1e55-0757-4715-9413-25a389349c85,Snake2,17,3,3,3,84,0,0.8947,0.0,0.7158
bd039a66-9995-46f9-83da-8321da5c6e7c,Snake1,3,bab25564-0f89-4747-ac28-5c273315b33a,Snake4,7,3,3,3,94,0,0.3684,0.0,0.2947
bd039a66-9995-46f9-83da-8321da5c6e7c,Snake1,4,398ec9e3-35bd-457b-9076-87416b7e7281,Snake3,2,3,3,3,99,0,0.1053,0.0,0.0842
4b3c7329-ff1a-49c9-9f27-aab3ba083e8a,Snake3,1,b1f3c6eb-bba0-4917-bafa-d1655f8ff018,Snake3,6,3,3,3,96,1,1.0,0.0,0.8
4b3c7329-ff1a-49c9-9f27-aab3ba083e8a,Snake3,2,20917487-7d30-45ff-9d13-fed2879bc8c4,Snake1,4,3,3,3,97,0,0.6667,0.0,0.5333
4b3c7329-ff1a-49c9-9f27-aab3ba083e8a,Snake3,3,e1f2ecf3-6fb6-49f4-9d18-132174fc8e92,Snake4,4,3,3,3,97,0,0.6667,0.0,0.5333
4b3c7329-ff1a-49c9-9f27-aab3ba083e8a,Snake3,4,f3eed0ab-ceee-42f5-86b2-2b05a90e32ac,Snake2,3,3,3,3,98,0,0.5,0.0,0.4
4b3c7329-ff1a-49c9-9f27-aab3ba083e8a,Snake3,1,b1f3c6eb-bba0-4917-bafa-d1655f8ff018,Snake3,6,3,3,3,96,1,1.0,0.0,0.8
4b3c7329-ff1a-49c9-9f27-aab3ba083e8a,Snake3,2,20917487-7d30-45ff-9d13-fed2879bc8c4,Snake1,3,3,3,3,98,0,0.5,0.0,0.4
4b3c7329-ff1a-49c9-9f27-aab3ba083e8a,Snake3,3,f3eed0ab-ceee-42f5-86b2-2b05a90e32ac,Snake2,3,3,3,3,98,0,0.5,0.0,0.4
4b3c7329-ff1a-49c9-9f27-aab3ba083e8a,Snake3,4,e1f2ecf3-6fb6-49f4-9d18-132174fc8e92,Snake4,3,3,3,3,98,0,0.5,0.0,0.4
4b3c7329-ff1a-49c9-9f27-aab3ba083e8a,Snake3,1,b1f3c6eb-bba0-4917-bafa-d1655f8ff018,Snake3,6,3,3,3,96,1,1.0,0.0,0.8
4b3c7329-ff1a-49c9-9f27-aab3ba083e8a,Snake3,2,20917487-7d30-45ff-9d13-fed2879bc8c4,Snake1,4,3,3,3,97,0,0.6667,0.0,0.5333
4b3c7329-ff1a-49c9-9f27-aab3ba083e8a,Snake3,3,e1f2ecf3-6fb6-49f4-9d18-132174fc8e92,Snake4,4,3,3,3,97,0,0.6667,0.0,0.5333
4b3c7329-ff1a-49c9-9f27-aab3ba083e8a,Snake3,4,f3eed0ab-ceee-42f5-86b2-2b05a90e32ac,Snake2,3,3,3,3,98,0,0.5,0.0,0.4
4b3c7329-ff1a-49c9-9f27-aab3ba083e8a,Snake3,1,b1f3c6eb-bba0-4917-bafa-d1655f8ff018,Snake3,6,3,3,3,96,1,1.0,0.0,0.8
4b3c7329-ff1a-49c9-9f27-aab3ba083e8a,Snake3,2,20917487-7d30-45ff-9d13-fed2879bc8c4,Snake1,4,3,3,3,97,0,0.6667,0.0,0.5333
4b3c7329-ff1a-49c9-9f27-aab3ba083e8a,Snake3,3,e1f2ecf3-6fb6-49f4-9d18-132174fc8e92,Snake4,4,3,3,3,97,0,0.6667,0.0,0.5333
4b3c7329-ff1a-49c9-9f27-aab3ba083e8a,Snake3,4,f3eed0ab-ceee-42f5-86b2-2b05a90e32ac,Snake2,3,3,3,3,98,0,0.5,0.0,0.4
